Entity,Code,Year,Coefficient of Variation (CV) of caloric intake
Afghanistan,AFG,2000,0.32
Afghanistan,AFG,2001,0.31
Afghanistan,AFG,2002,0.3
Afghanistan,AFG,2003,0.29
Afghanistan,AFG,2004,0.28
Afghanistan,AFG,2005,0.27
Afghanistan,AFG,2006,0.26
Afghanistan,AFG,2007,0.25
Afghanistan,AFG,2008,0.24
Afghanistan,AFG,2009,0.25
Afghanistan,AFG,2010,0.25
Afghanistan,AFG,2011,0.26
Afghanistan,AFG,2012,0.27
Afghanistan,AFG,2013,0.28
Afghanistan,AFG,2014,0.29
Afghanistan,AFG,2015,0.3
Afghanistan,AFG,2016,0.31
Afghanistan,AFG,2017,0.31
Afghanistan,AFG,2018,0.32
Afghanistan,AFG,2019,0.33
Afghanistan,AFG,2020,0.37
Albania,ALB,2000,0.24
Albania,ALB,2001,0.25
Albania,ALB,2002,0.26
Albania,ALB,2003,0.27
Albania,ALB,2004,0.28
Albania,ALB,2005,0.29
Albania,ALB,2006,0.29
Albania,ALB,2007,0.29
Albania,ALB,2008,0.29
Albania,ALB,2009,0.29
Albania,ALB,2010,0.29
Albania,ALB,2011,0.29
Albania,ALB,2012,0.29
Albania,ALB,2013,0.29
Albania,ALB,2014,0.29
Albania,ALB,2015,0.29
Albania,ALB,2016,0.29
Albania,ALB,2017,0.29
Albania,ALB,2018,0.3
Albania,ALB,2019,0.29
Albania,ALB,2020,0.29
Algeria,DZA,2000,0.3
Algeria,DZA,2001,0.3
Algeria,DZA,2002,0.3
Algeria,DZA,2003,0.3
Algeria,DZA,2004,0.3
Algeria,DZA,2005,0.3
Algeria,DZA,2006,0.3
Algeria,DZA,2007,0.3
Algeria,DZA,2008,0.3
Algeria,DZA,2009,0.3
Algeria,DZA,2010,0.3
Algeria,DZA,2011,0.3
Algeria,DZA,2012,0.3
Algeria,DZA,2013,0.3
Algeria,DZA,2014,0.3
Algeria,DZA,2015,0.3
Algeria,DZA,2016,0.3
Algeria,DZA,2017,0.3
Algeria,DZA,2018,0.29
Algeria,DZA,2019,0.29
Algeria,DZA,2020,0.29
Angola,AGO,2000,0.3
Angola,AGO,2001,0.3
Angola,AGO,2002,0.3
Angola,AGO,2003,0.3
Angola,AGO,2004,0.3
Angola,AGO,2005,0.3
Angola,AGO,2006,0.3
Angola,AGO,2007,0.3
Angola,AGO,2008,0.3
Angola,AGO,2009,0.3
Angola,AGO,2010,0.3
Angola,AGO,2011,0.3
Angola,AGO,2012,0.3
Angola,AGO,2013,0.3
Angola,AGO,2014,0.3
Angola,AGO,2015,0.3
Angola,AGO,2016,0.3
Angola,AGO,2017,0.3
Angola,AGO,2018,0.3
Angola,AGO,2019,0.31
Angola,AGO,2020,0.35
Antigua and Barbuda,ATG,2000,0.24
Antigua and Barbuda,ATG,2001,0.24
Antigua and Barbuda,ATG,2002,0.24
Antigua and Barbuda,ATG,2003,0.24
Antigua and Barbuda,ATG,2004,0.24
Antigua and Barbuda,ATG,2005,0.24
Antigua and Barbuda,ATG,2006,0.24
Antigua and Barbuda,ATG,2007,0.24
Antigua and Barbuda,ATG,2008,0.24
Antigua and Barbuda,ATG,2009,0.24
Antigua and Barbuda,ATG,2010,0.24
Antigua and Barbuda,ATG,2011,0.24
Antigua and Barbuda,ATG,2012,0.24
Antigua and Barbuda,ATG,2013,0.24
Antigua and Barbuda,ATG,2014,0.24
Antigua and Barbuda,ATG,2015,0.24
Antigua and Barbuda,ATG,2016,0.24
Antigua and Barbuda,ATG,2017,0.24
Antigua and Barbuda,ATG,2018,0.24
Antigua and Barbuda,ATG,2019,0.24
Antigua and Barbuda,ATG,2020,0.24
Argentina,ARG,2000,0.25
Argentina,ARG,2001,0.25
Argentina,ARG,2002,0.25
Argentina,ARG,2003,0.25
Argentina,ARG,2004,0.25
Argentina,ARG,2005,0.25
Argentina,ARG,2006,0.25
Argentina,ARG,2007,0.25
Argentina,ARG,2008,0.25
Argentina,ARG,2009,0.25
Argentina,ARG,2010,0.25
Argentina,ARG,2011,0.25
Argentina,ARG,2012,0.25
Argentina,ARG,2013,0.25
Argentina,ARG,2014,0.25
Argentina,ARG,2015,0.25
Argentina,ARG,2016,0.26
Argentina,ARG,2017,0.27
Argentina,ARG,2018,0.28
Argentina,ARG,2019,0.28
Argentina,ARG,2020,0.29
Armenia,ARM,2000,0.22
Armenia,ARM,2001,0.23
Armenia,ARM,2002,0.24
Armenia,ARM,2003,0.26
Armenia,ARM,2004,0.27
Armenia,ARM,2005,0.26
Armenia,ARM,2006,0.25
Armenia,ARM,2007,0.25
Armenia,ARM,2008,0.24
Armenia,ARM,2009,0.23
Armenia,ARM,2010,0.22
Armenia,ARM,2011,0.21
Armenia,ARM,2012,0.23
Armenia,ARM,2013,0.23
Armenia,ARM,2014,0.23
Armenia,ARM,2015,0.23
Armenia,ARM,2016,0.23
Armenia,ARM,2017,0.23
Armenia,ARM,2018,0.23
Armenia,ARM,2019,0.23
Armenia,ARM,2020,0.23
Australia,AUS,2000,0.2
Australia,AUS,2001,0.2
Australia,AUS,2002,0.2
Australia,AUS,2003,0.2
Australia,AUS,2004,0.2
Australia,AUS,2005,0.2
Australia,AUS,2006,0.2
Australia,AUS,2007,0.2
Australia,AUS,2008,0.2
Australia,AUS,2009,0.2
Australia,AUS,2010,0.2
Australia,AUS,2011,0.2
Australia,AUS,2012,0.2
Australia,AUS,2013,0.2
Australia,AUS,2014,0.2
Australia,AUS,2015,0.2
Australia,AUS,2016,0.2
Australia,AUS,2017,0.21
Australia,AUS,2018,0.21
Australia,AUS,2019,0.21
Australia,AUS,2020,0.21
Austria,AUT,2000,0.2
Austria,AUT,2001,0.2
Austria,AUT,2002,0.2
Austria,AUT,2003,0.2
Austria,AUT,2004,0.2
Austria,AUT,2005,0.2
Austria,AUT,2006,0.2
Austria,AUT,2007,0.2
Austria,AUT,2008,0.2
Austria,AUT,2009,0.2
Austria,AUT,2010,0.2
Austria,AUT,2011,0.2
Austria,AUT,2012,0.2
Austria,AUT,2013,0.2
Austria,AUT,2014,0.2
Austria,AUT,2015,0.2
Austria,AUT,2016,0.2
Austria,AUT,2017,0.2
Austria,AUT,2018,0.2
Austria,AUT,2019,0.2
Austria,AUT,2020,0.2
Azerbaijan,AZE,2000,0.22
Azerbaijan,AZE,2001,0.22
Azerbaijan,AZE,2002,0.22
Azerbaijan,AZE,2003,0.22
Azerbaijan,AZE,2004,0.22
Azerbaijan,AZE,2005,0.22
Azerbaijan,AZE,2006,0.22
Azerbaijan,AZE,2007,0.22
Azerbaijan,AZE,2008,0.21
Azerbaijan,AZE,2009,0.21
Azerbaijan,AZE,2010,0.21
Azerbaijan,AZE,2011,0.21
Azerbaijan,AZE,2012,0.21
Azerbaijan,AZE,2013,0.21
Azerbaijan,AZE,2014,0.21
Azerbaijan,AZE,2015,0.21
Azerbaijan,AZE,2016,0.21
Azerbaijan,AZE,2017,0.21
Azerbaijan,AZE,2018,0.21
Azerbaijan,AZE,2019,0.21
Azerbaijan,AZE,2020,0.21
Bahamas,BHS,2000,0.21
Bahamas,BHS,2001,0.21
Bahamas,BHS,2002,0.21
Bahamas,BHS,2003,0.21
Bahamas,BHS,2004,0.21
Bahamas,BHS,2005,0.21
Bahamas,BHS,2006,0.21
Bahamas,BHS,2007,0.21
Bahamas,BHS,2008,0.21
Bahamas,BHS,2009,0.21
Bahamas,BHS,2010,0.21
Bahamas,BHS,2011,0.21
Bahamas,BHS,2012,0.21
Bahamas,BHS,2013,0.21
Bahamas,BHS,2014,0.21
Bahamas,BHS,2015,0.21
Bahamas,BHS,2016,0.21
Bahamas,BHS,2017,0.21
Bahamas,BHS,2018,0.21
Bahamas,BHS,2019,0.21
Bahamas,BHS,2020,0.21
Bangladesh,BGD,2000,0.27
Bangladesh,BGD,2001,0.27
Bangladesh,BGD,2002,0.27
Bangladesh,BGD,2003,0.27
Bangladesh,BGD,2004,0.27
Bangladesh,BGD,2005,0.27
Bangladesh,BGD,2006,0.27
Bangladesh,BGD,2007,0.27
Bangladesh,BGD,2008,0.26
Bangladesh,BGD,2009,0.26
Bangladesh,BGD,2010,0.26
Bangladesh,BGD,2011,0.26
Bangladesh,BGD,2012,0.26
Bangladesh,BGD,2013,0.26
Bangladesh,BGD,2014,0.26
Bangladesh,BGD,2015,0.26
Bangladesh,BGD,2016,0.26
Bangladesh,BGD,2017,0.26
Bangladesh,BGD,2018,0.26
Bangladesh,BGD,2019,0.25
Bangladesh,BGD,2020,0.25
Barbados,BRB,2000,0.22
Barbados,BRB,2001,0.22
Barbados,BRB,2002,0.22
Barbados,BRB,2003,0.22
Barbados,BRB,2004,0.22
Barbados,BRB,2005,0.22
Barbados,BRB,2006,0.22
Barbados,BRB,2007,0.22
Barbados,BRB,2008,0.22
Barbados,BRB,2009,0.22
Barbados,BRB,2010,0.22
Barbados,BRB,2011,0.22
Barbados,BRB,2012,0.22
Barbados,BRB,2013,0.22
Barbados,BRB,2014,0.22
Barbados,BRB,2015,0.22
Barbados,BRB,2016,0.22
Barbados,BRB,2017,0.22
Barbados,BRB,2018,0.22
Barbados,BRB,2019,0.22
Barbados,BRB,2020,0.22
Belarus,BLR,2000,0.21
Belarus,BLR,2001,0.21
Belarus,BLR,2002,0.21
Belarus,BLR,2003,0.21
Belarus,BLR,2004,0.21
Belarus,BLR,2005,0.21
Belarus,BLR,2006,0.21
Belarus,BLR,2007,0.21
Belarus,BLR,2008,0.21
Belarus,BLR,2009,0.21
Belarus,BLR,2010,0.21
Belarus,BLR,2011,0.21
Belarus,BLR,2012,0.21
Belarus,BLR,2013,0.21
Belarus,BLR,2014,0.21
Belarus,BLR,2015,0.21
Belarus,BLR,2016,0.21
Belarus,BLR,2017,0.21
Belarus,BLR,2018,0.21
Belarus,BLR,2019,0.2
Belarus,BLR,2020,0.2
Belgium,BEL,2000,0.2
Belgium,BEL,2001,0.2
Belgium,BEL,2002,0.2
Belgium,BEL,2003,0.2
Belgium,BEL,2004,0.2
Belgium,BEL,2005,0.2
Belgium,BEL,2006,0.2
Belgium,BEL,2007,0.2
Belgium,BEL,2008,0.2
Belgium,BEL,2009,0.2
Belgium,BEL,2010,0.2
Belgium,BEL,2011,0.2
Belgium,BEL,2012,0.2
Belgium,BEL,2013,0.2
Belgium,BEL,2014,0.2
Belgium,BEL,2015,0.2
Belgium,BEL,2016,0.2
Belgium,BEL,2017,0.2
Belgium,BEL,2018,0.2
Belgium,BEL,2019,0.2
Belgium,BEL,2020,0.2
Belize,BLZ,2000,0.24
Belize,BLZ,2001,0.24
Belize,BLZ,2002,0.24
Belize,BLZ,2003,0.24
Belize,BLZ,2004,0.24
Belize,BLZ,2005,0.24
Belize,BLZ,2006,0.25
Belize,BLZ,2007,0.25
Belize,BLZ,2008,0.25
Belize,BLZ,2009,0.25
Belize,BLZ,2010,0.25
Belize,BLZ,2011,0.25
Belize,BLZ,2012,0.25
Belize,BLZ,2013,0.25
Belize,BLZ,2014,0.25
Belize,BLZ,2015,0.25
Belize,BLZ,2016,0.25
Belize,BLZ,2017,0.25
Belize,BLZ,2018,0.25
Belize,BLZ,2019,0.25
Belize,BLZ,2020,0.25
Benin,BEN,2000,0.28
Benin,BEN,2001,0.28
Benin,BEN,2002,0.28
Benin,BEN,2003,0.28
Benin,BEN,2004,0.28
Benin,BEN,2005,0.28
Benin,BEN,2006,0.28
Benin,BEN,2007,0.28
Benin,BEN,2008,0.28
Benin,BEN,2009,0.28
Benin,BEN,2010,0.28
Benin,BEN,2011,0.28
Benin,BEN,2012,0.28
Benin,BEN,2013,0.28
Benin,BEN,2014,0.28
Benin,BEN,2015,0.28
Benin,BEN,2016,0.28
Benin,BEN,2017,0.28
Benin,BEN,2018,0.28
Benin,BEN,2019,0.28
Benin,BEN,2020,0.28
Bermuda,BMU,2000,0.24
Bermuda,BMU,2001,0.24
Bermuda,BMU,2002,0.24
Bermuda,BMU,2003,0.24
Bermuda,BMU,2004,0.24
Bermuda,BMU,2005,0.24
Bermuda,BMU,2006,0.24
Bermuda,BMU,2007,0.24
Bermuda,BMU,2008,0.24
Bermuda,BMU,2009,0.24
Bermuda,BMU,2010,0.24
Bermuda,BMU,2011,0.24
Bermuda,BMU,2012,0.24
Bermuda,BMU,2013,0.24
Bermuda,BMU,2014,0.24
Bermuda,BMU,2015,0.24
Bermuda,BMU,2016,0.24
Bermuda,BMU,2017,0.24
Bermuda,BMU,2018,0.24
Bermuda,BMU,2019,0.24
Bermuda,BMU,2020,0.24
Bolivia,BOL,2000,0.25
Bolivia,BOL,2001,0.25
Bolivia,BOL,2002,0.25
Bolivia,BOL,2003,0.24
Bolivia,BOL,2004,0.24
Bolivia,BOL,2005,0.24
Bolivia,BOL,2006,0.24
Bolivia,BOL,2007,0.24
Bolivia,BOL,2008,0.24
Bolivia,BOL,2009,0.24
Bolivia,BOL,2010,0.24
Bolivia,BOL,2011,0.24
Bolivia,BOL,2012,0.24
Bolivia,BOL,2013,0.23
Bolivia,BOL,2014,0.23
Bolivia,BOL,2015,0.24
Bolivia,BOL,2016,0.24
Bolivia,BOL,2017,0.24
Bolivia,BOL,2018,0.24
Bolivia,BOL,2019,0.24
Bolivia,BOL,2020,0.24
Bosnia and Herzegovina,BIH,2000,0.21
Bosnia and Herzegovina,BIH,2001,0.21
Bosnia and Herzegovina,BIH,2002,0.21
Bosnia and Herzegovina,BIH,2003,0.21
Bosnia and Herzegovina,BIH,2004,0.21
Bosnia and Herzegovina,BIH,2005,0.21
Bosnia and Herzegovina,BIH,2006,0.21
Bosnia and Herzegovina,BIH,2007,0.21
Bosnia and Herzegovina,BIH,2008,0.21
Bosnia and Herzegovina,BIH,2009,0.21
Bosnia and Herzegovina,BIH,2010,0.21
Bosnia and Herzegovina,BIH,2011,0.21
Bosnia and Herzegovina,BIH,2012,0.21
Bosnia and Herzegovina,BIH,2013,0.21
Bosnia and Herzegovina,BIH,2014,0.21
Bosnia and Herzegovina,BIH,2015,0.21
Bosnia and Herzegovina,BIH,2016,0.21
Bosnia and Herzegovina,BIH,2017,0.21
Bosnia and Herzegovina,BIH,2018,0.21
Bosnia and Herzegovina,BIH,2019,0.21
Bosnia and Herzegovina,BIH,2020,0.22
Botswana,BWA,2000,0.24
Botswana,BWA,2001,0.25
Botswana,BWA,2002,0.25
Botswana,BWA,2003,0.26
Botswana,BWA,2004,0.26
Botswana,BWA,2005,0.27
Botswana,BWA,2006,0.27
Botswana,BWA,2007,0.28
Botswana,BWA,2008,0.29
Botswana,BWA,2009,0.29
Botswana,BWA,2010,0.3
Botswana,BWA,2011,0.3
Botswana,BWA,2012,0.31
Botswana,BWA,2013,0.31
Botswana,BWA,2014,0.32
Botswana,BWA,2015,0.33
Botswana,BWA,2016,0.33
Botswana,BWA,2017,0.34
Botswana,BWA,2018,0.34
Botswana,BWA,2019,0.34
Botswana,BWA,2020,0.35
Brazil,BRA,2000,0.31
Brazil,BRA,2001,0.31
Brazil,BRA,2002,0.31
Brazil,BRA,2003,0.3
Brazil,BRA,2004,0.3
Brazil,BRA,2005,0.29
Brazil,BRA,2006,0.29
Brazil,BRA,2007,0.28
Brazil,BRA,2008,0.28
Brazil,BRA,2009,0.27
Brazil,BRA,2010,0.27
Brazil,BRA,2011,0.27
Brazil,BRA,2012,0.26
Brazil,BRA,2013,0.26
Brazil,BRA,2014,0.25
Brazil,BRA,2015,0.25
Brazil,BRA,2016,0.24
Brazil,BRA,2017,0.24
Brazil,BRA,2018,0.24
Brazil,BRA,2019,0.24
Brazil,BRA,2020,0.27
Brunei,BRN,2000,0.21
Brunei,BRN,2001,0.21
Brunei,BRN,2002,0.21
Brunei,BRN,2003,0.21
Brunei,BRN,2004,0.21
Brunei,BRN,2005,0.21
Brunei,BRN,2006,0.21
Brunei,BRN,2007,0.21
Brunei,BRN,2008,0.21
Brunei,BRN,2009,0.21
Brunei,BRN,2010,0.21
Brunei,BRN,2011,0.21
Brunei,BRN,2012,0.21
Brunei,BRN,2013,0.21
Brunei,BRN,2014,0.21
Brunei,BRN,2015,0.21
Brunei,BRN,2016,0.21
Brunei,BRN,2017,0.21
Brunei,BRN,2018,0.21
Brunei,BRN,2019,0.21
Brunei,BRN,2020,0.21
Bulgaria,BGR,2000,0.2
Bulgaria,BGR,2001,0.19
Bulgaria,BGR,2002,0.19
Bulgaria,BGR,2003,0.19
Bulgaria,BGR,2004,0.19
Bulgaria,BGR,2005,0.19
Bulgaria,BGR,2006,0.19
Bulgaria,BGR,2007,0.19
Bulgaria,BGR,2008,0.19
Bulgaria,BGR,2009,0.19
Bulgaria,BGR,2010,0.19
Bulgaria,BGR,2011,0.19
Bulgaria,BGR,2012,0.19
Bulgaria,BGR,2013,0.19
Bulgaria,BGR,2014,0.19
Bulgaria,BGR,2015,0.19
Bulgaria,BGR,2016,0.19
Bulgaria,BGR,2017,0.19
Bulgaria,BGR,2018,0.19
Bulgaria,BGR,2019,0.19
Bulgaria,BGR,2020,0.21
Burkina Faso,BFA,2000,0.34
Burkina Faso,BFA,2001,0.34
Burkina Faso,BFA,2002,0.34
Burkina Faso,BFA,2003,0.34
Burkina Faso,BFA,2004,0.34
Burkina Faso,BFA,2005,0.34
Burkina Faso,BFA,2006,0.34
Burkina Faso,BFA,2007,0.34
Burkina Faso,BFA,2008,0.34
Burkina Faso,BFA,2009,0.34
Burkina Faso,BFA,2010,0.34
Burkina Faso,BFA,2011,0.34
Burkina Faso,BFA,2012,0.34
Burkina Faso,BFA,2013,0.34
Burkina Faso,BFA,2014,0.34
Burkina Faso,BFA,2015,0.34
Burkina Faso,BFA,2016,0.34
Burkina Faso,BFA,2017,0.34
Burkina Faso,BFA,2018,0.34
Burkina Faso,BFA,2019,0.35
Burkina Faso,BFA,2020,0.4
Burundi,BDI,2000,0.28
Burundi,BDI,2001,0.28
Burundi,BDI,2002,0.28
Burundi,BDI,2003,0.28
Burundi,BDI,2004,0.28
Burundi,BDI,2005,0.28
Burundi,BDI,2006,0.28
Burundi,BDI,2007,0.28
Burundi,BDI,2008,0.28
Burundi,BDI,2009,0.28
Burundi,BDI,2010,0.28
Burundi,BDI,2011,0.28
Burundi,BDI,2012,0.28
Burundi,BDI,2013,0.28
Burundi,BDI,2014,0.28
Burundi,BDI,2015,0.28
Burundi,BDI,2016,0.28
Burundi,BDI,2017,0.28
Burundi,BDI,2018,0.28
Burundi,BDI,2019,0.28
Burundi,BDI,2020,0.28
Cambodia,KHM,2000,0.27
Cambodia,KHM,2001,0.27
Cambodia,KHM,2002,0.27
Cambodia,KHM,2003,0.26
Cambodia,KHM,2004,0.26
Cambodia,KHM,2005,0.26
Cambodia,KHM,2006,0.26
Cambodia,KHM,2007,0.26
Cambodia,KHM,2008,0.26
Cambodia,KHM,2009,0.26
Cambodia,KHM,2010,0.26
Cambodia,KHM,2011,0.26
Cambodia,KHM,2012,0.26
Cambodia,KHM,2013,0.26
Cambodia,KHM,2014,0.26
Cambodia,KHM,2015,0.26
Cambodia,KHM,2016,0.26
Cambodia,KHM,2017,0.25
Cambodia,KHM,2018,0.25
Cambodia,KHM,2019,0.24
Cambodia,KHM,2020,0.24
Cameroon,CMR,2000,0.24
Cameroon,CMR,2001,0.25
Cameroon,CMR,2002,0.25
Cameroon,CMR,2003,0.25
Cameroon,CMR,2004,0.25
Cameroon,CMR,2005,0.25
Cameroon,CMR,2006,0.25
Cameroon,CMR,2007,0.24
Cameroon,CMR,2008,0.24
Cameroon,CMR,2009,0.24
Cameroon,CMR,2010,0.24
Cameroon,CMR,2011,0.24
Cameroon,CMR,2012,0.24
Cameroon,CMR,2013,0.24
Cameroon,CMR,2014,0.24
Cameroon,CMR,2015,0.24
Cameroon,CMR,2016,0.24
Cameroon,CMR,2017,0.24
Cameroon,CMR,2018,0.24
Cameroon,CMR,2019,0.24
Cameroon,CMR,2020,0.24
Canada,CAN,2000,0.2
Canada,CAN,2001,0.2
Canada,CAN,2002,0.2
Canada,CAN,2003,0.2
Canada,CAN,2004,0.2
Canada,CAN,2005,0.2
Canada,CAN,2006,0.2
Canada,CAN,2007,0.2
Canada,CAN,2008,0.2
Canada,CAN,2009,0.2
Canada,CAN,2010,0.2
Canada,CAN,2011,0.2
Canada,CAN,2012,0.2
Canada,CAN,2013,0.2
Canada,CAN,2014,0.2
Canada,CAN,2015,0.2
Canada,CAN,2016,0.2
Canada,CAN,2017,0.2
Canada,CAN,2018,0.2
Canada,CAN,2019,0.2
Canada,CAN,2020,0.2
Cape Verde,CPV,2000,0.25
Cape Verde,CPV,2001,0.25
Cape Verde,CPV,2002,0.26
Cape Verde,CPV,2003,0.26
Cape Verde,CPV,2004,0.26
Cape Verde,CPV,2005,0.26
Cape Verde,CPV,2006,0.26
Cape Verde,CPV,2007,0.26
Cape Verde,CPV,2008,0.26
Cape Verde,CPV,2009,0.26
Cape Verde,CPV,2010,0.26
Cape Verde,CPV,2011,0.26
Cape Verde,CPV,2012,0.26
Cape Verde,CPV,2013,0.26
Cape Verde,CPV,2014,0.26
Cape Verde,CPV,2015,0.26
Cape Verde,CPV,2016,0.26
Cape Verde,CPV,2017,0.26
Cape Verde,CPV,2018,0.26
Cape Verde,CPV,2019,0.25
Cape Verde,CPV,2020,0.25
Central African Republic,CAF,2000,0.28
Central African Republic,CAF,2001,0.28
Central African Republic,CAF,2002,0.28
Central African Republic,CAF,2003,0.28
Central African Republic,CAF,2004,0.28
Central African Republic,CAF,2005,0.29
Central African Republic,CAF,2006,0.29
Central African Republic,CAF,2007,0.29
Central African Republic,CAF,2008,0.3
Central African Republic,CAF,2009,0.29
Central African Republic,CAF,2010,0.29
Central African Republic,CAF,2011,0.29
Central African Republic,CAF,2012,0.29
Central African Republic,CAF,2013,0.29
Central African Republic,CAF,2014,0.29
Central African Republic,CAF,2015,0.29
Central African Republic,CAF,2016,0.29
Central African Republic,CAF,2017,0.29
Central African Republic,CAF,2018,0.29
Central African Republic,CAF,2019,0.29
Central African Republic,CAF,2020,0.29
Chad,TCD,2000,0.29
Chad,TCD,2001,0.3
Chad,TCD,2002,0.31
Chad,TCD,2003,0.32
Chad,TCD,2004,0.32
Chad,TCD,2005,0.33
Chad,TCD,2006,0.34
Chad,TCD,2007,0.34
Chad,TCD,2008,0.35
Chad,TCD,2009,0.36
Chad,TCD,2010,0.36
Chad,TCD,2011,0.36
Chad,TCD,2012,0.36
Chad,TCD,2013,0.36
Chad,TCD,2014,0.36
Chad,TCD,2015,0.36
Chad,TCD,2016,0.37
Chad,TCD,2017,0.38
Chad,TCD,2018,0.4
Chad,TCD,2019,0.4
Chad,TCD,2020,0.4
Chile,CHL,2000,0.22
Chile,CHL,2001,0.22
Chile,CHL,2002,0.22
Chile,CHL,2003,0.22
Chile,CHL,2004,0.22
Chile,CHL,2005,0.22
Chile,CHL,2006,0.22
Chile,CHL,2007,0.22
Chile,CHL,2008,0.22
Chile,CHL,2009,0.22
Chile,CHL,2010,0.22
Chile,CHL,2011,0.22
Chile,CHL,2012,0.22
Chile,CHL,2013,0.22
Chile,CHL,2014,0.22
Chile,CHL,2015,0.22
Chile,CHL,2016,0.22
Chile,CHL,2017,0.22
Chile,CHL,2018,0.22
Chile,CHL,2019,0.23
Chile,CHL,2020,0.24
China,CHN,2000,0.27
China,CHN,2001,0.26
China,CHN,2002,0.26
China,CHN,2003,0.25
China,CHN,2004,0.24
China,CHN,2005,0.24
China,CHN,2006,0.23
China,CHN,2007,0.22
China,CHN,2008,0.22
China,CHN,2009,0.21
China,CHN,2010,0.2
China,CHN,2011,0.2
China,CHN,2012,0.2
China,CHN,2013,0.19
China,CHN,2014,0.19
China,CHN,2015,0.19
China,CHN,2016,0.19
China,CHN,2017,0.19
China,CHN,2018,0.19
China,CHN,2019,0.19
China,CHN,2020,0.19
Colombia,COL,2000,0.29
Colombia,COL,2001,0.29
Colombia,COL,2002,0.3
Colombia,COL,2003,0.3
Colombia,COL,2004,0.31
Colombia,COL,2005,0.31
Colombia,COL,2006,0.32
Colombia,COL,2007,0.32
Colombia,COL,2008,0.32
Colombia,COL,2009,0.31
Colombia,COL,2010,0.3
Colombia,COL,2011,0.3
Colombia,COL,2012,0.29
Colombia,COL,2013,0.29
Colombia,COL,2014,0.28
Colombia,COL,2015,0.28
Colombia,COL,2016,0.27
Colombia,COL,2017,0.27
Colombia,COL,2018,0.27
Colombia,COL,2019,0.28
Colombia,COL,2020,0.31
Comoros,COM,2000,0.26
Comoros,COM,2001,0.26
Comoros,COM,2002,0.26
Comoros,COM,2003,0.26
Comoros,COM,2004,0.26
Comoros,COM,2005,0.26
Comoros,COM,2006,0.26
Comoros,COM,2007,0.26
Comoros,COM,2008,0.26
Comoros,COM,2009,0.26
Comoros,COM,2010,0.26
Comoros,COM,2011,0.26
Comoros,COM,2012,0.26
Comoros,COM,2013,0.26
Comoros,COM,2014,0.26
Comoros,COM,2015,0.26
Comoros,COM,2016,0.26
Comoros,COM,2017,0.26
Comoros,COM,2018,0.26
Comoros,COM,2019,0.26
Comoros,COM,2020,0.26
Congo,COG,2000,0.28
Congo,COG,2001,0.28
Congo,COG,2002,0.28
Congo,COG,2003,0.28
Congo,COG,2004,0.28
Congo,COG,2005,0.28
Congo,COG,2006,0.27
Congo,COG,2007,0.27
Congo,COG,2008,0.26
Congo,COG,2009,0.26
Congo,COG,2010,0.26
Congo,COG,2011,0.25
Congo,COG,2012,0.25
Congo,COG,2013,0.24
Congo,COG,2014,0.24
Congo,COG,2015,0.24
Congo,COG,2016,0.26
Congo,COG,2017,0.27
Congo,COG,2018,0.28
Congo,COG,2019,0.29
Congo,COG,2020,0.3
Costa Rica,CRI,2000,0.21
Costa Rica,CRI,2001,0.21
Costa Rica,CRI,2002,0.22
Costa Rica,CRI,2003,0.22
Costa Rica,CRI,2004,0.22
Costa Rica,CRI,2005,0.22
Costa Rica,CRI,2006,0.22
Costa Rica,CRI,2007,0.22
Costa Rica,CRI,2008,0.22
Costa Rica,CRI,2009,0.22
Costa Rica,CRI,2010,0.22
Costa Rica,CRI,2011,0.22
Costa Rica,CRI,2012,0.22
Costa Rica,CRI,2013,0.22
Costa Rica,CRI,2014,0.22
Costa Rica,CRI,2015,0.22
Costa Rica,CRI,2016,0.22
Costa Rica,CRI,2017,0.22
Costa Rica,CRI,2018,0.22
Costa Rica,CRI,2019,0.22
Costa Rica,CRI,2020,0.23
Cote d'Ivoire,CIV,2000,0.35
Cote d'Ivoire,CIV,2001,0.38
Cote d'Ivoire,CIV,2002,0.4
Cote d'Ivoire,CIV,2003,0.4
Cote d'Ivoire,CIV,2004,0.4
Cote d'Ivoire,CIV,2005,0.4
Cote d'Ivoire,CIV,2006,0.4
Cote d'Ivoire,CIV,2007,0.4
Cote d'Ivoire,CIV,2008,0.4
Cote d'Ivoire,CIV,2009,0.4
Cote d'Ivoire,CIV,2010,0.4
Cote d'Ivoire,CIV,2011,0.4
Cote d'Ivoire,CIV,2012,0.4
Cote d'Ivoire,CIV,2013,0.4
Cote d'Ivoire,CIV,2014,0.4
Cote d'Ivoire,CIV,2015,0.4
Cote d'Ivoire,CIV,2016,0.4
Cote d'Ivoire,CIV,2017,0.4
Cote d'Ivoire,CIV,2018,0.4
Cote d'Ivoire,CIV,2019,0.4
Cote d'Ivoire,CIV,2020,0.4
Croatia,HRV,2000,0.21
Croatia,HRV,2001,0.21
Croatia,HRV,2002,0.21
Croatia,HRV,2003,0.21
Croatia,HRV,2004,0.21
Croatia,HRV,2005,0.21
Croatia,HRV,2006,0.21
Croatia,HRV,2007,0.21
Croatia,HRV,2008,0.21
Croatia,HRV,2009,0.21
Croatia,HRV,2010,0.21
Croatia,HRV,2011,0.21
Croatia,HRV,2012,0.21
Croatia,HRV,2013,0.21
Croatia,HRV,2014,0.21
Croatia,HRV,2015,0.21
Croatia,HRV,2016,0.21
Croatia,HRV,2017,0.21
Croatia,HRV,2018,0.21
Croatia,HRV,2019,0.21
Croatia,HRV,2020,0.22
Cuba,CUB,2000,0.23
Cuba,CUB,2001,0.23
Cuba,CUB,2002,0.23
Cuba,CUB,2003,0.23
Cuba,CUB,2004,0.23
Cuba,CUB,2005,0.23
Cuba,CUB,2006,0.23
Cuba,CUB,2007,0.23
Cuba,CUB,2008,0.23
Cuba,CUB,2009,0.23
Cuba,CUB,2010,0.23
Cuba,CUB,2011,0.23
Cuba,CUB,2012,0.23
Cuba,CUB,2013,0.23
Cuba,CUB,2014,0.23
Cuba,CUB,2015,0.23
Cuba,CUB,2016,0.23
Cuba,CUB,2017,0.23
Cuba,CUB,2018,0.23
Cuba,CUB,2019,0.23
Cuba,CUB,2020,0.23
Cyprus,CYP,2000,0.18
Cyprus,CYP,2001,0.18
Cyprus,CYP,2002,0.18
Cyprus,CYP,2003,0.18
Cyprus,CYP,2004,0.18
Cyprus,CYP,2005,0.18
Cyprus,CYP,2006,0.18
Cyprus,CYP,2007,0.18
Cyprus,CYP,2008,0.18
Cyprus,CYP,2009,0.18
Cyprus,CYP,2010,0.18
Cyprus,CYP,2011,0.18
Cyprus,CYP,2012,0.18
Cyprus,CYP,2013,0.18
Cyprus,CYP,2014,0.18
Cyprus,CYP,2015,0.18
Cyprus,CYP,2016,0.18
Cyprus,CYP,2017,0.18
Cyprus,CYP,2018,0.18
Cyprus,CYP,2019,0.18
Cyprus,CYP,2020,0.18
Czechia,CZE,2000,0.2
Czechia,CZE,2001,0.2
Czechia,CZE,2002,0.2
Czechia,CZE,2003,0.2
Czechia,CZE,2004,0.2
Czechia,CZE,2005,0.2
Czechia,CZE,2006,0.2
Czechia,CZE,2007,0.2
Czechia,CZE,2008,0.2
Czechia,CZE,2009,0.2
Czechia,CZE,2010,0.2
Czechia,CZE,2011,0.2
Czechia,CZE,2012,0.2
Czechia,CZE,2013,0.2
Czechia,CZE,2014,0.2
Czechia,CZE,2015,0.2
Czechia,CZE,2016,0.2
Czechia,CZE,2017,0.2
Czechia,CZE,2018,0.2
Czechia,CZE,2019,0.2
Czechia,CZE,2020,0.21
Democratic Republic of Congo,COD,2000,0.28
Democratic Republic of Congo,COD,2001,0.28
Democratic Republic of Congo,COD,2002,0.28
Democratic Republic of Congo,COD,2003,0.28
Democratic Republic of Congo,COD,2004,0.28
Democratic Republic of Congo,COD,2005,0.29
Democratic Republic of Congo,COD,2006,0.29
Democratic Republic of Congo,COD,2007,0.29
Democratic Republic of Congo,COD,2008,0.29
Democratic Republic of Congo,COD,2009,0.29
Democratic Republic of Congo,COD,2010,0.29
Democratic Republic of Congo,COD,2011,0.29
Democratic Republic of Congo,COD,2012,0.29
Democratic Republic of Congo,COD,2013,0.29
Democratic Republic of Congo,COD,2014,0.29
Democratic Republic of Congo,COD,2015,0.29
Democratic Republic of Congo,COD,2016,0.29
Democratic Republic of Congo,COD,2017,0.29
Democratic Republic of Congo,COD,2018,0.29
Democratic Republic of Congo,COD,2019,0.29
Democratic Republic of Congo,COD,2020,0.29
Denmark,DNK,2000,0.2
Denmark,DNK,2001,0.2
Denmark,DNK,2002,0.2
Denmark,DNK,2003,0.2
Denmark,DNK,2004,0.2
Denmark,DNK,2005,0.2
Denmark,DNK,2006,0.2
Denmark,DNK,2007,0.2
Denmark,DNK,2008,0.2
Denmark,DNK,2009,0.2
Denmark,DNK,2010,0.2
Denmark,DNK,2011,0.2
Denmark,DNK,2012,0.2
Denmark,DNK,2013,0.2
Denmark,DNK,2014,0.2
Denmark,DNK,2015,0.2
Denmark,DNK,2016,0.2
Denmark,DNK,2017,0.2
Denmark,DNK,2018,0.2
Denmark,DNK,2019,0.2
Denmark,DNK,2020,0.21
Djibouti,DJI,2000,0.3
Djibouti,DJI,2001,0.3
Djibouti,DJI,2002,0.3
Djibouti,DJI,2003,0.3
Djibouti,DJI,2004,0.3
Djibouti,DJI,2005,0.3
Djibouti,DJI,2006,0.3
Djibouti,DJI,2007,0.3
Djibouti,DJI,2008,0.3
Djibouti,DJI,2009,0.3
Djibouti,DJI,2010,0.3
Djibouti,DJI,2011,0.3
Djibouti,DJI,2012,0.3
Djibouti,DJI,2013,0.3
Djibouti,DJI,2014,0.3
Djibouti,DJI,2015,0.3
Djibouti,DJI,2016,0.3
Djibouti,DJI,2017,0.3
Djibouti,DJI,2018,0.3
Djibouti,DJI,2019,0.3
Djibouti,DJI,2020,0.3
Dominica,DMA,2000,0.23
Dominica,DMA,2001,0.23
Dominica,DMA,2002,0.23
Dominica,DMA,2003,0.23
Dominica,DMA,2004,0.24
Dominica,DMA,2005,0.24
Dominica,DMA,2006,0.24
Dominica,DMA,2007,0.24
Dominica,DMA,2008,0.24
Dominica,DMA,2009,0.24
Dominica,DMA,2010,0.24
Dominica,DMA,2011,0.24
Dominica,DMA,2012,0.24
Dominica,DMA,2013,0.24
Dominica,DMA,2014,0.24
Dominica,DMA,2015,0.24
Dominica,DMA,2016,0.24
Dominica,DMA,2017,0.24
Dominica,DMA,2018,0.24
Dominica,DMA,2019,0.24
Dominica,DMA,2020,0.24
Dominican Republic,DOM,2000,0.24
Dominican Republic,DOM,2001,0.24
Dominican Republic,DOM,2002,0.24
Dominican Republic,DOM,2003,0.24
Dominican Republic,DOM,2004,0.24
Dominican Republic,DOM,2005,0.24
Dominican Republic,DOM,2006,0.24
Dominican Republic,DOM,2007,0.24
Dominican Republic,DOM,2008,0.24
Dominican Republic,DOM,2009,0.24
Dominican Republic,DOM,2010,0.24
Dominican Republic,DOM,2011,0.24
Dominican Republic,DOM,2012,0.24
Dominican Republic,DOM,2013,0.24
Dominican Republic,DOM,2014,0.24
Dominican Republic,DOM,2015,0.24
Dominican Republic,DOM,2016,0.24
Dominican Republic,DOM,2017,0.24
Dominican Republic,DOM,2018,0.26
Dominican Republic,DOM,2019,0.26
Dominican Republic,DOM,2020,0.3
East Timor,TLS,2000,0.31
East Timor,TLS,2001,0.3
East Timor,TLS,2002,0.3
East Timor,TLS,2003,0.3
East Timor,TLS,2004,0.31
East Timor,TLS,2005,0.31
East Timor,TLS,2006,0.31
East Timor,TLS,2007,0.31
East Timor,TLS,2008,0.31
East Timor,TLS,2009,0.31
East Timor,TLS,2010,0.31
East Timor,TLS,2011,0.31
East Timor,TLS,2012,0.31
East Timor,TLS,2013,0.31
East Timor,TLS,2014,0.31
East Timor,TLS,2015,0.31
East Timor,TLS,2016,0.31
East Timor,TLS,2017,0.31
East Timor,TLS,2018,0.31
East Timor,TLS,2019,0.31
East Timor,TLS,2020,0.31
Ecuador,ECU,2000,0.23
Ecuador,ECU,2001,0.23
Ecuador,ECU,2002,0.23
Ecuador,ECU,2003,0.23
Ecuador,ECU,2004,0.23
Ecuador,ECU,2005,0.24
Ecuador,ECU,2006,0.24
Ecuador,ECU,2007,0.24
Ecuador,ECU,2008,0.24
Ecuador,ECU,2009,0.24
Ecuador,ECU,2010,0.24
Ecuador,ECU,2011,0.24
Ecuador,ECU,2012,0.24
Ecuador,ECU,2013,0.24
Ecuador,ECU,2014,0.24
Ecuador,ECU,2015,0.24
Ecuador,ECU,2016,0.24
Ecuador,ECU,2017,0.24
Ecuador,ECU,2018,0.25
Ecuador,ECU,2019,0.25
Ecuador,ECU,2020,0.27
Egypt,EGY,2000,0.32
Egypt,EGY,2001,0.32
Egypt,EGY,2002,0.32
Egypt,EGY,2003,0.32
Egypt,EGY,2004,0.32
Egypt,EGY,2005,0.32
Egypt,EGY,2006,0.32
Egypt,EGY,2007,0.32
Egypt,EGY,2008,0.32
Egypt,EGY,2009,0.32
Egypt,EGY,2010,0.32
Egypt,EGY,2011,0.32
Egypt,EGY,2012,0.32
Egypt,EGY,2013,0.32
Egypt,EGY,2014,0.32
Egypt,EGY,2015,0.32
Egypt,EGY,2016,0.32
Egypt,EGY,2017,0.32
Egypt,EGY,2018,0.32
Egypt,EGY,2019,0.32
Egypt,EGY,2020,0.32
El Salvador,SLV,2000,0.25
El Salvador,SLV,2001,0.25
El Salvador,SLV,2002,0.25
El Salvador,SLV,2003,0.25
El Salvador,SLV,2004,0.25
El Salvador,SLV,2005,0.25
El Salvador,SLV,2006,0.25
El Salvador,SLV,2007,0.26
El Salvador,SLV,2008,0.26
El Salvador,SLV,2009,0.26
El Salvador,SLV,2010,0.26
El Salvador,SLV,2011,0.26
El Salvador,SLV,2012,0.26
El Salvador,SLV,2013,0.26
El Salvador,SLV,2014,0.26
El Salvador,SLV,2015,0.26
El Salvador,SLV,2016,0.26
El Salvador,SLV,2017,0.26
El Salvador,SLV,2018,0.26
El Salvador,SLV,2019,0.26
El Salvador,SLV,2020,0.26
Eritrea,ERI,2000,0.25
Eritrea,ERI,2001,0.25
Eritrea,ERI,2002,0.26
Eritrea,ERI,2003,0.26
Eritrea,ERI,2004,0.26
Eritrea,ERI,2005,0.26
Eritrea,ERI,2006,0.26
Eritrea,ERI,2007,0.26
Eritrea,ERI,2008,0.26
Eritrea,ERI,2009,0.26
Eritrea,ERI,2010,0.26
Eritrea,ERI,2011,0.26
Eritrea,ERI,2012,0.26
Eritrea,ERI,2013,0.26
Eritrea,ERI,2014,0.26
Eritrea,ERI,2015,0.26
Eritrea,ERI,2016,0.26
Eritrea,ERI,2017,0.26
Eritrea,ERI,2018,0.26
Eritrea,ERI,2019,0.26
Eritrea,ERI,2020,0.26
Estonia,EST,2000,0.21
Estonia,EST,2001,0.21
Estonia,EST,2002,0.21
Estonia,EST,2003,0.21
Estonia,EST,2004,0.21
Estonia,EST,2005,0.21
Estonia,EST,2006,0.21
Estonia,EST,2007,0.21
Estonia,EST,2008,0.21
Estonia,EST,2009,0.21
Estonia,EST,2010,0.21
Estonia,EST,2011,0.21
Estonia,EST,2012,0.21
Estonia,EST,2013,0.21
Estonia,EST,2014,0.21
Estonia,EST,2015,0.21
Estonia,EST,2016,0.21
Estonia,EST,2017,0.21
Estonia,EST,2018,0.21
Estonia,EST,2019,0.21
Estonia,EST,2020,0.21
Eswatini,SWZ,2000,0.24
Eswatini,SWZ,2001,0.24
Eswatini,SWZ,2002,0.24
Eswatini,SWZ,2003,0.24
Eswatini,SWZ,2004,0.25
Eswatini,SWZ,2005,0.25
Eswatini,SWZ,2006,0.25
Eswatini,SWZ,2007,0.25
Eswatini,SWZ,2008,0.25
Eswatini,SWZ,2009,0.25
Eswatini,SWZ,2010,0.25
Eswatini,SWZ,2011,0.25
Eswatini,SWZ,2012,0.25
Eswatini,SWZ,2013,0.25
Eswatini,SWZ,2014,0.25
Eswatini,SWZ,2015,0.25
Eswatini,SWZ,2016,0.25
Eswatini,SWZ,2017,0.25
Eswatini,SWZ,2018,0.25
Eswatini,SWZ,2019,0.25
Eswatini,SWZ,2020,0.26
Ethiopia,ETH,2000,0.3
Ethiopia,ETH,2001,0.29
Ethiopia,ETH,2002,0.28
Ethiopia,ETH,2003,0.28
Ethiopia,ETH,2004,0.27
Ethiopia,ETH,2005,0.27
Ethiopia,ETH,2006,0.27
Ethiopia,ETH,2007,0.27
Ethiopia,ETH,2008,0.27
Ethiopia,ETH,2009,0.27
Ethiopia,ETH,2010,0.27
Ethiopia,ETH,2011,0.27
Ethiopia,ETH,2012,0.27
Ethiopia,ETH,2013,0.27
Ethiopia,ETH,2014,0.27
Ethiopia,ETH,2015,0.27
Ethiopia,ETH,2016,0.27
Ethiopia,ETH,2017,0.28
Ethiopia,ETH,2018,0.27
Ethiopia,ETH,2019,0.27
Ethiopia,ETH,2020,0.32
Fiji,FJI,2000,0.24
Fiji,FJI,2001,0.24
Fiji,FJI,2002,0.24
Fiji,FJI,2003,0.24
Fiji,FJI,2004,0.24
Fiji,FJI,2005,0.24
Fiji,FJI,2006,0.24
Fiji,FJI,2007,0.24
Fiji,FJI,2008,0.24
Fiji,FJI,2009,0.24
Fiji,FJI,2010,0.24
Fiji,FJI,2011,0.24
Fiji,FJI,2012,0.24
Fiji,FJI,2013,0.24
Fiji,FJI,2014,0.24
Fiji,FJI,2015,0.24
Fiji,FJI,2016,0.24
Fiji,FJI,2017,0.24
Fiji,FJI,2018,0.24
Fiji,FJI,2019,0.24
Fiji,FJI,2020,0.24
Finland,FIN,2000,0.2
Finland,FIN,2001,0.2
Finland,FIN,2002,0.2
Finland,FIN,2003,0.2
Finland,FIN,2004,0.2
Finland,FIN,2005,0.2
Finland,FIN,2006,0.2
Finland,FIN,2007,0.2
Finland,FIN,2008,0.2
Finland,FIN,2009,0.2
Finland,FIN,2010,0.2
Finland,FIN,2011,0.2
Finland,FIN,2012,0.2
Finland,FIN,2013,0.2
Finland,FIN,2014,0.2
Finland,FIN,2015,0.2
Finland,FIN,2016,0.2
Finland,FIN,2017,0.2
Finland,FIN,2018,0.2
Finland,FIN,2019,0.2
Finland,FIN,2020,0.2
France,FRA,2000,0.2
France,FRA,2001,0.2
France,FRA,2002,0.2
France,FRA,2003,0.2
France,FRA,2004,0.2
France,FRA,2005,0.2
France,FRA,2006,0.2
France,FRA,2007,0.2
France,FRA,2008,0.2
France,FRA,2009,0.2
France,FRA,2010,0.2
France,FRA,2011,0.2
France,FRA,2012,0.2
France,FRA,2013,0.2
France,FRA,2014,0.2
France,FRA,2015,0.2
France,FRA,2016,0.2
France,FRA,2017,0.2
France,FRA,2018,0.2
France,FRA,2019,0.2
France,FRA,2020,0.2
French Polynesia,PYF,2000,0.22
French Polynesia,PYF,2001,0.22
French Polynesia,PYF,2002,0.22
French Polynesia,PYF,2003,0.22
French Polynesia,PYF,2004,0.22
French Polynesia,PYF,2005,0.22
French Polynesia,PYF,2006,0.22
French Polynesia,PYF,2007,0.22
French Polynesia,PYF,2008,0.22
French Polynesia,PYF,2009,0.22
French Polynesia,PYF,2010,0.23
French Polynesia,PYF,2011,0.23
French Polynesia,PYF,2012,0.23
French Polynesia,PYF,2013,0.23
French Polynesia,PYF,2014,0.23
French Polynesia,PYF,2015,0.23
French Polynesia,PYF,2016,0.23
French Polynesia,PYF,2017,0.23
French Polynesia,PYF,2018,0.23
French Polynesia,PYF,2019,0.23
French Polynesia,PYF,2020,0.23
Gabon,GAB,2000,0.27
Gabon,GAB,2001,0.28
Gabon,GAB,2002,0.29
Gabon,GAB,2003,0.3
Gabon,GAB,2004,0.3
Gabon,GAB,2005,0.31
Gabon,GAB,2006,0.31
Gabon,GAB,2007,0.31
Gabon,GAB,2008,0.31
Gabon,GAB,2009,0.31
Gabon,GAB,2010,0.31
Gabon,GAB,2011,0.31
Gabon,GAB,2012,0.31
Gabon,GAB,2013,0.31
Gabon,GAB,2014,0.31
Gabon,GAB,2015,0.31
Gabon,GAB,2016,0.31
Gabon,GAB,2017,0.31
Gabon,GAB,2018,0.31
Gabon,GAB,2019,0.31
Gabon,GAB,2020,0.31
Gambia,GMB,2000,0.28
Gambia,GMB,2001,0.28
Gambia,GMB,2002,0.28
Gambia,GMB,2003,0.28
Gambia,GMB,2004,0.28
Gambia,GMB,2005,0.28
Gambia,GMB,2006,0.28
Gambia,GMB,2007,0.28
Gambia,GMB,2008,0.28
Gambia,GMB,2009,0.28
Gambia,GMB,2010,0.28
Gambia,GMB,2011,0.28
Gambia,GMB,2012,0.28
Gambia,GMB,2013,0.28
Gambia,GMB,2014,0.28
Gambia,GMB,2015,0.28
Gambia,GMB,2016,0.28
Gambia,GMB,2017,0.28
Gambia,GMB,2018,0.28
Gambia,GMB,2019,0.28
Gambia,GMB,2020,0.3
Georgia,GEO,2000,0.26
Georgia,GEO,2001,0.25
Georgia,GEO,2002,0.25
Georgia,GEO,2003,0.25
Georgia,GEO,2004,0.25
Georgia,GEO,2005,0.25
Georgia,GEO,2006,0.25
Georgia,GEO,2007,0.25
Georgia,GEO,2008,0.25
Georgia,GEO,2009,0.25
Georgia,GEO,2010,0.25
Georgia,GEO,2011,0.25
Georgia,GEO,2012,0.25
Georgia,GEO,2013,0.25
Georgia,GEO,2014,0.25
Georgia,GEO,2015,0.25
Georgia,GEO,2016,0.25
Georgia,GEO,2017,0.25
Georgia,GEO,2018,0.25
Georgia,GEO,2019,0.25
Georgia,GEO,2020,0.29
Germany,DEU,2000,0.2
Germany,DEU,2001,0.2
Germany,DEU,2002,0.2
Germany,DEU,2003,0.2
Germany,DEU,2004,0.2
Germany,DEU,2005,0.2
Germany,DEU,2006,0.2
Germany,DEU,2007,0.2
Germany,DEU,2008,0.2
Germany,DEU,2009,0.2
Germany,DEU,2010,0.2
Germany,DEU,2011,0.2
Germany,DEU,2012,0.2
Germany,DEU,2013,0.2
Germany,DEU,2014,0.2
Germany,DEU,2015,0.2
Germany,DEU,2016,0.2
Germany,DEU,2017,0.2
Germany,DEU,2018,0.2
Germany,DEU,2019,0.2
Germany,DEU,2020,0.2
Ghana,GHA,2000,0.28
Ghana,GHA,2001,0.28
Ghana,GHA,2002,0.28
Ghana,GHA,2003,0.28
Ghana,GHA,2004,0.29
Ghana,GHA,2005,0.29
Ghana,GHA,2006,0.29
Ghana,GHA,2007,0.29
Ghana,GHA,2008,0.29
Ghana,GHA,2009,0.29
Ghana,GHA,2010,0.29
Ghana,GHA,2011,0.29
Ghana,GHA,2012,0.29
Ghana,GHA,2013,0.29
Ghana,GHA,2014,0.29
Ghana,GHA,2015,0.29
Ghana,GHA,2016,0.29
Ghana,GHA,2017,0.29
Ghana,GHA,2018,0.29
Ghana,GHA,2019,0.29
Ghana,GHA,2020,0.3
Greece,GRC,2000,0.21
Greece,GRC,2001,0.21
Greece,GRC,2002,0.21
Greece,GRC,2003,0.21
Greece,GRC,2004,0.21
Greece,GRC,2005,0.21
Greece,GRC,2006,0.21
Greece,GRC,2007,0.21
Greece,GRC,2008,0.21
Greece,GRC,2009,0.21
Greece,GRC,2010,0.21
Greece,GRC,2011,0.21
Greece,GRC,2012,0.21
Greece,GRC,2013,0.21
Greece,GRC,2014,0.21
Greece,GRC,2015,0.21
Greece,GRC,2016,0.21
Greece,GRC,2017,0.21
Greece,GRC,2018,0.21
Greece,GRC,2019,0.21
Greece,GRC,2020,0.21
Grenada,GRD,2000,0.27
Grenada,GRD,2001,0.27
Grenada,GRD,2002,0.27
Grenada,GRD,2003,0.27
Grenada,GRD,2004,0.27
Grenada,GRD,2005,0.27
Grenada,GRD,2006,0.27
Grenada,GRD,2007,0.27
Grenada,GRD,2008,0.28
Grenada,GRD,2009,0.28
Grenada,GRD,2010,0.28
Grenada,GRD,2011,0.28
Grenada,GRD,2012,0.28
Grenada,GRD,2013,0.28
Grenada,GRD,2014,0.28
Grenada,GRD,2015,0.28
Grenada,GRD,2016,0.28
Grenada,GRD,2017,0.28
Grenada,GRD,2018,0.28
Grenada,GRD,2019,0.28
Grenada,GRD,2020,0.28
Guatemala,GTM,2000,0.27
Guatemala,GTM,2001,0.28
Guatemala,GTM,2002,0.29
Guatemala,GTM,2003,0.29
Guatemala,GTM,2004,0.3
Guatemala,GTM,2005,0.3
Guatemala,GTM,2006,0.31
Guatemala,GTM,2007,0.31
Guatemala,GTM,2008,0.31
Guatemala,GTM,2009,0.31
Guatemala,GTM,2010,0.31
Guatemala,GTM,2011,0.31
Guatemala,GTM,2012,0.32
Guatemala,GTM,2013,0.32
Guatemala,GTM,2014,0.32
Guatemala,GTM,2015,0.32
Guatemala,GTM,2016,0.32
Guatemala,GTM,2017,0.32
Guatemala,GTM,2018,0.33
Guatemala,GTM,2019,0.33
Guatemala,GTM,2020,0.35
Guinea,GIN,2000,0.33
Guinea,GIN,2001,0.33
Guinea,GIN,2002,0.33
Guinea,GIN,2003,0.33
Guinea,GIN,2004,0.33
Guinea,GIN,2005,0.33
Guinea,GIN,2006,0.32
Guinea,GIN,2007,0.32
Guinea,GIN,2008,0.32
Guinea,GIN,2009,0.32
Guinea,GIN,2010,0.32
Guinea,GIN,2011,0.31
Guinea,GIN,2012,0.31
Guinea,GIN,2013,0.31
Guinea,GIN,2014,0.31
Guinea,GIN,2015,0.31
Guinea,GIN,2016,0.32
Guinea,GIN,2017,0.33
Guinea,GIN,2018,0.34
Guinea,GIN,2019,0.34
Guinea,GIN,2020,0.34
Guinea-Bissau,GNB,2000,0.28
Guinea-Bissau,GNB,2001,0.28
Guinea-Bissau,GNB,2002,0.28
Guinea-Bissau,GNB,2003,0.28
Guinea-Bissau,GNB,2004,0.28
Guinea-Bissau,GNB,2005,0.28
Guinea-Bissau,GNB,2006,0.28
Guinea-Bissau,GNB,2007,0.28
Guinea-Bissau,GNB,2008,0.28
Guinea-Bissau,GNB,2009,0.28
Guinea-Bissau,GNB,2010,0.28
Guinea-Bissau,GNB,2011,0.28
Guinea-Bissau,GNB,2012,0.28
Guinea-Bissau,GNB,2013,0.28
Guinea-Bissau,GNB,2014,0.28
Guinea-Bissau,GNB,2015,0.28
Guinea-Bissau,GNB,2016,0.28
Guinea-Bissau,GNB,2017,0.28
Guinea-Bissau,GNB,2018,0.28
Guinea-Bissau,GNB,2019,0.28
Guinea-Bissau,GNB,2020,0.28
Guyana,GUY,2000,0.25
Guyana,GUY,2001,0.25
Guyana,GUY,2002,0.25
Guyana,GUY,2003,0.25
Guyana,GUY,2004,0.25
Guyana,GUY,2005,0.25
Guyana,GUY,2006,0.25
Guyana,GUY,2007,0.25
Guyana,GUY,2008,0.25
Guyana,GUY,2009,0.25
Guyana,GUY,2010,0.25
Guyana,GUY,2011,0.25
Guyana,GUY,2012,0.25
Guyana,GUY,2013,0.25
Guyana,GUY,2014,0.25
Guyana,GUY,2015,0.25
Guyana,GUY,2016,0.25
Guyana,GUY,2017,0.25
Guyana,GUY,2018,0.25
Guyana,GUY,2019,0.25
Guyana,GUY,2020,0.25
Haiti,HTI,2000,0.49
Haiti,HTI,2001,0.49
Haiti,HTI,2002,0.49
Haiti,HTI,2003,0.49
Haiti,HTI,2004,0.49
Haiti,HTI,2005,0.49
Haiti,HTI,2006,0.49
Haiti,HTI,2007,0.49
Haiti,HTI,2008,0.49
Haiti,HTI,2009,0.49
Haiti,HTI,2010,0.49
Haiti,HTI,2011,0.49
Haiti,HTI,2012,0.49
Haiti,HTI,2013,0.49
Haiti,HTI,2014,0.49
Haiti,HTI,2015,0.49
Haiti,HTI,2016,0.49
Haiti,HTI,2017,0.49
Haiti,HTI,2018,0.49
Haiti,HTI,2019,0.49
Haiti,HTI,2020,0.41
Honduras,HND,2000,0.31
Honduras,HND,2001,0.31
Honduras,HND,2002,0.31
Honduras,HND,2003,0.31
Honduras,HND,2004,0.31
Honduras,HND,2005,0.31
Honduras,HND,2006,0.31
Honduras,HND,2007,0.31
Honduras,HND,2008,0.31
Honduras,HND,2009,0.31
Honduras,HND,2010,0.31
Honduras,HND,2011,0.31
Honduras,HND,2012,0.31
Honduras,HND,2013,0.31
Honduras,HND,2014,0.31
Honduras,HND,2015,0.31
Honduras,HND,2016,0.3
Honduras,HND,2017,0.3
Honduras,HND,2018,0.3
Honduras,HND,2019,0.3
Honduras,HND,2020,0.31
Hong Kong,HKG,2000,0.22
Hong Kong,HKG,2001,0.22
Hong Kong,HKG,2002,0.22
Hong Kong,HKG,2003,0.22
Hong Kong,HKG,2004,0.22
Hong Kong,HKG,2005,0.22
Hong Kong,HKG,2006,0.22
Hong Kong,HKG,2007,0.22
Hong Kong,HKG,2008,0.22
Hong Kong,HKG,2009,0.22
Hong Kong,HKG,2010,0.22
Hong Kong,HKG,2011,0.22
Hong Kong,HKG,2012,0.22
Hong Kong,HKG,2013,0.22
Hong Kong,HKG,2014,0.22
Hong Kong,HKG,2015,0.22
Hong Kong,HKG,2016,0.22
Hong Kong,HKG,2017,0.22
Hong Kong,HKG,2018,0.22
Hong Kong,HKG,2019,0.22
Hong Kong,HKG,2020,0.22
Hungary,HUN,2000,0.2
Hungary,HUN,2001,0.21
Hungary,HUN,2002,0.21
Hungary,HUN,2003,0.21
Hungary,HUN,2004,0.21
Hungary,HUN,2005,0.21
Hungary,HUN,2006,0.21
Hungary,HUN,2007,0.21
Hungary,HUN,2008,0.21
Hungary,HUN,2009,0.21
Hungary,HUN,2010,0.21
Hungary,HUN,2011,0.21
Hungary,HUN,2012,0.21
Hungary,HUN,2013,0.21
Hungary,HUN,2014,0.21
Hungary,HUN,2015,0.21
Hungary,HUN,2016,0.21
Hungary,HUN,2017,0.21
Hungary,HUN,2018,0.21
Hungary,HUN,2019,0.21
Hungary,HUN,2020,0.21
Iceland,ISL,2000,0.2
Iceland,ISL,2001,0.2
Iceland,ISL,2002,0.2
Iceland,ISL,2003,0.2
Iceland,ISL,2004,0.2
Iceland,ISL,2005,0.2
Iceland,ISL,2006,0.2
Iceland,ISL,2007,0.2
Iceland,ISL,2008,0.2
Iceland,ISL,2009,0.2
Iceland,ISL,2010,0.2
Iceland,ISL,2011,0.2
Iceland,ISL,2012,0.2
Iceland,ISL,2013,0.2
Iceland,ISL,2014,0.2
Iceland,ISL,2015,0.2
Iceland,ISL,2016,0.2
Iceland,ISL,2017,0.2
Iceland,ISL,2018,0.2
Iceland,ISL,2019,0.2
Iceland,ISL,2020,0.2
India,IND,2000,0.26
India,IND,2001,0.26
India,IND,2002,0.25
India,IND,2003,0.25
India,IND,2004,0.25
India,IND,2005,0.25
India,IND,2006,0.25
India,IND,2007,0.25
India,IND,2008,0.25
India,IND,2009,0.25
India,IND,2010,0.25
India,IND,2011,0.25
India,IND,2012,0.25
India,IND,2013,0.25
India,IND,2014,0.25
India,IND,2015,0.25
India,IND,2016,0.25
India,IND,2017,0.25
India,IND,2018,0.25
India,IND,2019,0.26
India,IND,2020,0.29
Indonesia,IDN,2000,0.27
Indonesia,IDN,2001,0.28
Indonesia,IDN,2002,0.28
Indonesia,IDN,2003,0.28
Indonesia,IDN,2004,0.29
Indonesia,IDN,2005,0.29
Indonesia,IDN,2006,0.29
Indonesia,IDN,2007,0.3
Indonesia,IDN,2008,0.3
Indonesia,IDN,2009,0.3
Indonesia,IDN,2010,0.28
Indonesia,IDN,2011,0.27
Indonesia,IDN,2012,0.27
Indonesia,IDN,2013,0.27
Indonesia,IDN,2014,0.27
Indonesia,IDN,2015,0.28
Indonesia,IDN,2016,0.28
Indonesia,IDN,2017,0.28
Indonesia,IDN,2018,0.28
Indonesia,IDN,2019,0.28
Indonesia,IDN,2020,0.28
Iran,IRN,2000,0.27
Iran,IRN,2001,0.27
Iran,IRN,2002,0.28
Iran,IRN,2003,0.27
Iran,IRN,2004,0.27
Iran,IRN,2005,0.27
Iran,IRN,2006,0.27
Iran,IRN,2007,0.27
Iran,IRN,2008,0.27
Iran,IRN,2009,0.27
Iran,IRN,2010,0.27
Iran,IRN,2011,0.27
Iran,IRN,2012,0.27
Iran,IRN,2013,0.27
Iran,IRN,2014,0.27
Iran,IRN,2015,0.27
Iran,IRN,2016,0.27
Iran,IRN,2017,0.27
Iran,IRN,2018,0.27
Iran,IRN,2019,0.27
Iran,IRN,2020,0.27
Iraq,IRQ,2000,0.26
Iraq,IRQ,2001,0.26
Iraq,IRQ,2002,0.28
Iraq,IRQ,2003,0.3
Iraq,IRQ,2004,0.32
Iraq,IRQ,2005,0.34
Iraq,IRQ,2006,0.36
Iraq,IRQ,2007,0.38
Iraq,IRQ,2008,0.38
Iraq,IRQ,2009,0.38
Iraq,IRQ,2010,0.38
Iraq,IRQ,2011,0.38
Iraq,IRQ,2012,0.38
Iraq,IRQ,2013,0.38
Iraq,IRQ,2014,0.38
Iraq,IRQ,2015,0.38
Iraq,IRQ,2016,0.39
Iraq,IRQ,2017,0.39
Iraq,IRQ,2018,0.4
Iraq,IRQ,2019,0.4
Iraq,IRQ,2020,0.4
Ireland,IRL,2000,0.21
Ireland,IRL,2001,0.21
Ireland,IRL,2002,0.21
Ireland,IRL,2003,0.21
Ireland,IRL,2004,0.21
Ireland,IRL,2005,0.21
Ireland,IRL,2006,0.21
Ireland,IRL,2007,0.21
Ireland,IRL,2008,0.21
Ireland,IRL,2009,0.21
Ireland,IRL,2010,0.21
Ireland,IRL,2011,0.21
Ireland,IRL,2012,0.21
Ireland,IRL,2013,0.21
Ireland,IRL,2014,0.21
Ireland,IRL,2015,0.21
Ireland,IRL,2016,0.2
Ireland,IRL,2017,0.2
Ireland,IRL,2018,0.2
Ireland,IRL,2019,0.2
Ireland,IRL,2020,0.21
Israel,ISR,2000,0.2
Israel,ISR,2001,0.2
Israel,ISR,2002,0.2
Israel,ISR,2003,0.2
Israel,ISR,2004,0.2
Israel,ISR,2005,0.2
Israel,ISR,2006,0.2
Israel,ISR,2007,0.2
Israel,ISR,2008,0.2
Israel,ISR,2009,0.2
Israel,ISR,2010,0.2
Israel,ISR,2011,0.2
Israel,ISR,2012,0.2
Israel,ISR,2013,0.2
Israel,ISR,2014,0.2
Israel,ISR,2015,0.2
Israel,ISR,2016,0.2
Israel,ISR,2017,0.2
Israel,ISR,2018,0.2
Israel,ISR,2019,0.2
Israel,ISR,2020,0.21
Italy,ITA,2000,0.2
Italy,ITA,2001,0.2
Italy,ITA,2002,0.2
Italy,ITA,2003,0.2
Italy,ITA,2004,0.2
Italy,ITA,2005,0.2
Italy,ITA,2006,0.2
Italy,ITA,2007,0.2
Italy,ITA,2008,0.2
Italy,ITA,2009,0.2
Italy,ITA,2010,0.2
Italy,ITA,2011,0.2
Italy,ITA,2012,0.2
Italy,ITA,2013,0.2
Italy,ITA,2014,0.2
Italy,ITA,2015,0.2
Italy,ITA,2016,0.2
Italy,ITA,2017,0.2
Italy,ITA,2018,0.2
Italy,ITA,2019,0.2
Italy,ITA,2020,0.2
Jamaica,JAM,2000,0.23
Jamaica,JAM,2001,0.23
Jamaica,JAM,2002,0.23
Jamaica,JAM,2003,0.23
Jamaica,JAM,2004,0.23
Jamaica,JAM,2005,0.23
Jamaica,JAM,2006,0.23
Jamaica,JAM,2007,0.23
Jamaica,JAM,2008,0.23
Jamaica,JAM,2009,0.23
Jamaica,JAM,2010,0.23
Jamaica,JAM,2011,0.24
Jamaica,JAM,2012,0.24
Jamaica,JAM,2013,0.24
Jamaica,JAM,2014,0.24
Jamaica,JAM,2015,0.24
Jamaica,JAM,2016,0.24
Jamaica,JAM,2017,0.24
Jamaica,JAM,2018,0.23
Jamaica,JAM,2019,0.23
Jamaica,JAM,2020,0.24
Japan,JPN,2000,0.17
Japan,JPN,2001,0.17
Japan,JPN,2002,0.17
Japan,JPN,2003,0.17
Japan,JPN,2004,0.17
Japan,JPN,2005,0.17
Japan,JPN,2006,0.17
Japan,JPN,2007,0.17
Japan,JPN,2008,0.17
Japan,JPN,2009,0.17
Japan,JPN,2010,0.17
Japan,JPN,2011,0.17
Japan,JPN,2012,0.17
Japan,JPN,2013,0.17
Japan,JPN,2014,0.17
Japan,JPN,2015,0.17
Japan,JPN,2016,0.17
Japan,JPN,2017,0.17
Japan,JPN,2018,0.17
Japan,JPN,2019,0.17
Japan,JPN,2020,0.17
Jordan,JOR,2000,0.26
Jordan,JOR,2001,0.26
Jordan,JOR,2002,0.26
Jordan,JOR,2003,0.26
Jordan,JOR,2004,0.26
Jordan,JOR,2005,0.26
Jordan,JOR,2006,0.26
Jordan,JOR,2007,0.26
Jordan,JOR,2008,0.26
Jordan,JOR,2009,0.26
Jordan,JOR,2010,0.26
Jordan,JOR,2011,0.26
Jordan,JOR,2012,0.26
Jordan,JOR,2013,0.26
Jordan,JOR,2014,0.26
Jordan,JOR,2015,0.26
Jordan,JOR,2016,0.26
Jordan,JOR,2017,0.25
Jordan,JOR,2018,0.25
Jordan,JOR,2019,0.25
Jordan,JOR,2020,0.28
Kazakhstan,KAZ,2000,0.23
Kazakhstan,KAZ,2001,0.24
Kazakhstan,KAZ,2002,0.25
Kazakhstan,KAZ,2003,0.26
Kazakhstan,KAZ,2004,0.27
Kazakhstan,KAZ,2005,0.28
Kazakhstan,KAZ,2006,0.28
Kazakhstan,KAZ,2007,0.27
Kazakhstan,KAZ,2008,0.27
Kazakhstan,KAZ,2009,0.26
Kazakhstan,KAZ,2010,0.25
Kazakhstan,KAZ,2011,0.25
Kazakhstan,KAZ,2012,0.25
Kazakhstan,KAZ,2013,0.25
Kazakhstan,KAZ,2014,0.25
Kazakhstan,KAZ,2015,0.25
Kazakhstan,KAZ,2016,0.25
Kazakhstan,KAZ,2017,0.25
Kazakhstan,KAZ,2018,0.25
Kazakhstan,KAZ,2019,0.25
Kazakhstan,KAZ,2020,0.25
Kenya,KEN,2000,0.25
Kenya,KEN,2001,0.25
Kenya,KEN,2002,0.25
Kenya,KEN,2003,0.25
Kenya,KEN,2004,0.25
Kenya,KEN,2005,0.25
Kenya,KEN,2006,0.24
Kenya,KEN,2007,0.23
Kenya,KEN,2008,0.23
Kenya,KEN,2009,0.23
Kenya,KEN,2010,0.23
Kenya,KEN,2011,0.23
Kenya,KEN,2012,0.23
Kenya,KEN,2013,0.23
Kenya,KEN,2014,0.23
Kenya,KEN,2015,0.23
Kenya,KEN,2016,0.23
Kenya,KEN,2017,0.23
Kenya,KEN,2018,0.24
Kenya,KEN,2019,0.25
Kenya,KEN,2020,0.28
Kiribati,KIR,2000,0.26
Kiribati,KIR,2001,0.27
Kiribati,KIR,2002,0.27
Kiribati,KIR,2003,0.27
Kiribati,KIR,2004,0.27
Kiribati,KIR,2005,0.27
Kiribati,KIR,2006,0.27
Kiribati,KIR,2007,0.28
Kiribati,KIR,2008,0.28
Kiribati,KIR,2009,0.28
Kiribati,KIR,2010,0.28
Kiribati,KIR,2011,0.28
Kiribati,KIR,2012,0.28
Kiribati,KIR,2013,0.28
Kiribati,KIR,2014,0.29
Kiribati,KIR,2015,0.29
Kiribati,KIR,2016,0.29
Kiribati,KIR,2017,0.29
Kiribati,KIR,2018,0.29
Kiribati,KIR,2019,0.29
Kiribati,KIR,2020,0.29
Kuwait,KWT,2000,0.26
Kuwait,KWT,2001,0.26
Kuwait,KWT,2002,0.26
Kuwait,KWT,2003,0.26
Kuwait,KWT,2004,0.26
Kuwait,KWT,2005,0.26
Kuwait,KWT,2006,0.26
Kuwait,KWT,2007,0.26
Kuwait,KWT,2008,0.26
Kuwait,KWT,2009,0.26
Kuwait,KWT,2010,0.26
Kuwait,KWT,2011,0.26
Kuwait,KWT,2012,0.26
Kuwait,KWT,2013,0.26
Kuwait,KWT,2014,0.26
Kuwait,KWT,2015,0.26
Kuwait,KWT,2016,0.26
Kuwait,KWT,2017,0.26
Kuwait,KWT,2018,0.26
Kuwait,KWT,2019,0.26
Kuwait,KWT,2020,0.26
Kyrgyzstan,KGZ,2000,0.25
Kyrgyzstan,KGZ,2001,0.25
Kyrgyzstan,KGZ,2002,0.25
Kyrgyzstan,KGZ,2003,0.25
Kyrgyzstan,KGZ,2004,0.25
Kyrgyzstan,KGZ,2005,0.25
Kyrgyzstan,KGZ,2006,0.25
Kyrgyzstan,KGZ,2007,0.25
Kyrgyzstan,KGZ,2008,0.25
Kyrgyzstan,KGZ,2009,0.25
Kyrgyzstan,KGZ,2010,0.25
Kyrgyzstan,KGZ,2011,0.25
Kyrgyzstan,KGZ,2012,0.25
Kyrgyzstan,KGZ,2013,0.25
Kyrgyzstan,KGZ,2014,0.25
Kyrgyzstan,KGZ,2015,0.25
Kyrgyzstan,KGZ,2016,0.25
Kyrgyzstan,KGZ,2017,0.25
Kyrgyzstan,KGZ,2018,0.25
Kyrgyzstan,KGZ,2019,0.25
Kyrgyzstan,KGZ,2020,0.25
Laos,LAO,2000,0.3
Laos,LAO,2001,0.28
Laos,LAO,2002,0.27
Laos,LAO,2003,0.26
Laos,LAO,2004,0.25
Laos,LAO,2005,0.25
Laos,LAO,2006,0.24
Laos,LAO,2007,0.23
Laos,LAO,2008,0.23
Laos,LAO,2009,0.23
Laos,LAO,2010,0.23
Laos,LAO,2011,0.23
Laos,LAO,2012,0.23
Laos,LAO,2013,0.23
Laos,LAO,2014,0.23
Laos,LAO,2015,0.23
Laos,LAO,2016,0.23
Laos,LAO,2017,0.23
Laos,LAO,2018,0.23
Laos,LAO,2019,0.23
Laos,LAO,2020,0.23
Latvia,LVA,2000,0.22
Latvia,LVA,2001,0.22
Latvia,LVA,2002,0.22
Latvia,LVA,2003,0.22
Latvia,LVA,2004,0.22
Latvia,LVA,2005,0.22
Latvia,LVA,2006,0.22
Latvia,LVA,2007,0.22
Latvia,LVA,2008,0.22
Latvia,LVA,2009,0.22
Latvia,LVA,2010,0.22
Latvia,LVA,2011,0.22
Latvia,LVA,2012,0.22
Latvia,LVA,2013,0.22
Latvia,LVA,2014,0.22
Latvia,LVA,2015,0.22
Latvia,LVA,2016,0.22
Latvia,LVA,2017,0.22
Latvia,LVA,2018,0.22
Latvia,LVA,2019,0.22
Latvia,LVA,2020,0.22
Lebanon,LBN,2000,0.25
Lebanon,LBN,2001,0.25
Lebanon,LBN,2002,0.25
Lebanon,LBN,2003,0.25
Lebanon,LBN,2004,0.25
Lebanon,LBN,2005,0.25
Lebanon,LBN,2006,0.25
Lebanon,LBN,2007,0.25
Lebanon,LBN,2008,0.25
Lebanon,LBN,2009,0.25
Lebanon,LBN,2010,0.25
Lebanon,LBN,2011,0.25
Lebanon,LBN,2012,0.26
Lebanon,LBN,2013,0.26
Lebanon,LBN,2014,0.26
Lebanon,LBN,2015,0.26
Lebanon,LBN,2016,0.26
Lebanon,LBN,2017,0.26
Lebanon,LBN,2018,0.26
Lebanon,LBN,2019,0.26
Lebanon,LBN,2020,0.31
Lesotho,LSO,2000,0.27
Lesotho,LSO,2001,0.27
Lesotho,LSO,2002,0.27
Lesotho,LSO,2003,0.27
Lesotho,LSO,2004,0.27
Lesotho,LSO,2005,0.27
Lesotho,LSO,2006,0.27
Lesotho,LSO,2007,0.27
Lesotho,LSO,2008,0.27
Lesotho,LSO,2009,0.27
Lesotho,LSO,2010,0.27
Lesotho,LSO,2011,0.27
Lesotho,LSO,2012,0.27
Lesotho,LSO,2013,0.27
Lesotho,LSO,2014,0.27
Lesotho,LSO,2015,0.27
Lesotho,LSO,2016,0.27
Lesotho,LSO,2017,0.27
Lesotho,LSO,2018,0.27
Lesotho,LSO,2019,0.27
Lesotho,LSO,2020,0.27
Liberia,LBR,2000,0.36
Liberia,LBR,2001,0.37
Liberia,LBR,2002,0.37
Liberia,LBR,2003,0.38
Liberia,LBR,2004,0.39
Liberia,LBR,2005,0.39
Liberia,LBR,2006,0.4
Liberia,LBR,2007,0.41
Liberia,LBR,2008,0.41
Liberia,LBR,2009,0.41
Liberia,LBR,2010,0.41
Liberia,LBR,2011,0.41
Liberia,LBR,2012,0.41
Liberia,LBR,2013,0.41
Liberia,LBR,2014,0.41
Liberia,LBR,2015,0.41
Liberia,LBR,2016,0.41
Liberia,LBR,2017,0.41
Liberia,LBR,2018,0.41
Liberia,LBR,2019,0.41
Liberia,LBR,2020,0.41
Libya,LBY,2000,0.25
Libya,LBY,2001,0.25
Libya,LBY,2002,0.25
Libya,LBY,2003,0.25
Libya,LBY,2004,0.25
Libya,LBY,2005,0.25
Libya,LBY,2006,0.25
Libya,LBY,2007,0.25
Libya,LBY,2008,0.25
Libya,LBY,2009,0.25
Libya,LBY,2010,0.25
Libya,LBY,2011,0.25
Libya,LBY,2012,0.25
Libya,LBY,2013,0.25
Libya,LBY,2014,0.25
Libya,LBY,2015,0.25
Libya,LBY,2016,0.25
Libya,LBY,2017,0.26
Libya,LBY,2018,0.26
Libya,LBY,2019,0.27
Libya,LBY,2020,0.3
Lithuania,LTU,2000,0.22
Lithuania,LTU,2001,0.22
Lithuania,LTU,2002,0.22
Lithuania,LTU,2003,0.22
Lithuania,LTU,2004,0.22
Lithuania,LTU,2005,0.22
Lithuania,LTU,2006,0.22
Lithuania,LTU,2007,0.22
Lithuania,LTU,2008,0.22
Lithuania,LTU,2009,0.22
Lithuania,LTU,2010,0.22
Lithuania,LTU,2011,0.22
Lithuania,LTU,2012,0.22
Lithuania,LTU,2013,0.22
Lithuania,LTU,2014,0.22
Lithuania,LTU,2015,0.22
Lithuania,LTU,2016,0.22
Lithuania,LTU,2017,0.22
Lithuania,LTU,2018,0.22
Lithuania,LTU,2019,0.21
Lithuania,LTU,2020,0.23
Luxembourg,LUX,2000,0.2
Luxembourg,LUX,2001,0.2
Luxembourg,LUX,2002,0.2
Luxembourg,LUX,2003,0.2
Luxembourg,LUX,2004,0.2
Luxembourg,LUX,2005,0.2
Luxembourg,LUX,2006,0.2
Luxembourg,LUX,2007,0.2
Luxembourg,LUX,2008,0.2
Luxembourg,LUX,2009,0.2
Luxembourg,LUX,2010,0.2
Luxembourg,LUX,2011,0.2
Luxembourg,LUX,2012,0.2
Luxembourg,LUX,2013,0.2
Luxembourg,LUX,2014,0.2
Luxembourg,LUX,2015,0.2
Luxembourg,LUX,2016,0.2
Luxembourg,LUX,2017,0.2
Luxembourg,LUX,2018,0.2
Luxembourg,LUX,2019,0.2
Luxembourg,LUX,2020,0.2
Macao,MAC,2000,0.29
Macao,MAC,2001,0.29
Macao,MAC,2002,0.29
Macao,MAC,2003,0.29
Macao,MAC,2004,0.29
Macao,MAC,2005,0.29
Macao,MAC,2006,0.3
Macao,MAC,2007,0.3
Macao,MAC,2008,0.3
Macao,MAC,2009,0.3
Macao,MAC,2010,0.3
Macao,MAC,2011,0.3
Macao,MAC,2012,0.3
Macao,MAC,2013,0.3
Macao,MAC,2014,0.3
Macao,MAC,2015,0.3
Macao,MAC,2016,0.3
Macao,MAC,2017,0.3
Macao,MAC,2018,0.3
Macao,MAC,2019,0.3
Macao,MAC,2020,0.3
Madagascar,MDG,2000,0.27
Madagascar,MDG,2001,0.27
Madagascar,MDG,2002,0.28
Madagascar,MDG,2003,0.29
Madagascar,MDG,2004,0.3
Madagascar,MDG,2005,0.31
Madagascar,MDG,2006,0.3
Madagascar,MDG,2007,0.29
Madagascar,MDG,2008,0.29
Madagascar,MDG,2009,0.28
Madagascar,MDG,2010,0.27
Madagascar,MDG,2011,0.28
Madagascar,MDG,2012,0.28
Madagascar,MDG,2013,0.28
Madagascar,MDG,2014,0.28
Madagascar,MDG,2015,0.28
Madagascar,MDG,2016,0.28
Madagascar,MDG,2017,0.28
Madagascar,MDG,2018,0.28
Madagascar,MDG,2019,0.28
Madagascar,MDG,2020,0.28
Malawi,MWI,2000,0.32
Malawi,MWI,2001,0.31
Malawi,MWI,2002,0.31
Malawi,MWI,2003,0.31
Malawi,MWI,2004,0.31
Malawi,MWI,2005,0.31
Malawi,MWI,2006,0.32
Malawi,MWI,2007,0.32
Malawi,MWI,2008,0.32
Malawi,MWI,2009,0.33
Malawi,MWI,2010,0.33
Malawi,MWI,2011,0.33
Malawi,MWI,2012,0.34
Malawi,MWI,2013,0.34
Malawi,MWI,2014,0.35
Malawi,MWI,2015,0.35
Malawi,MWI,2016,0.35
Malawi,MWI,2017,0.36
Malawi,MWI,2018,0.36
Malawi,MWI,2019,0.36
Malawi,MWI,2020,0.36
Malaysia,MYS,2000,0.21
Malaysia,MYS,2001,0.21
Malaysia,MYS,2002,0.21
Malaysia,MYS,2003,0.22
Malaysia,MYS,2004,0.22
Malaysia,MYS,2005,0.22
Malaysia,MYS,2006,0.22
Malaysia,MYS,2007,0.22
Malaysia,MYS,2008,0.22
Malaysia,MYS,2009,0.22
Malaysia,MYS,2010,0.22
Malaysia,MYS,2011,0.22
Malaysia,MYS,2012,0.22
Malaysia,MYS,2013,0.22
Malaysia,MYS,2014,0.22
Malaysia,MYS,2015,0.22
Malaysia,MYS,2016,0.22
Malaysia,MYS,2017,0.21
Malaysia,MYS,2018,0.21
Malaysia,MYS,2019,0.21
Malaysia,MYS,2020,0.21
Maldives,MDV,2000,0.25
Maldives,MDV,2001,0.25
Maldives,MDV,2002,0.25
Maldives,MDV,2003,0.25
Maldives,MDV,2004,0.25
Maldives,MDV,2005,0.25
Maldives,MDV,2006,0.25
Maldives,MDV,2007,0.25
Maldives,MDV,2008,0.25
Maldives,MDV,2009,0.25
Maldives,MDV,2010,0.25
Maldives,MDV,2011,0.25
Maldives,MDV,2012,0.25
Maldives,MDV,2013,0.25
Maldives,MDV,2014,0.25
Maldives,MDV,2015,0.25
Maldives,MDV,2016,0.25
Maldives,MDV,2017,0.25
Maldives,MDV,2018,0.25
Maldives,MDV,2019,0.25
Maldives,MDV,2020,0.25
Mali,MLI,2000,0.29
Mali,MLI,2001,0.28
Mali,MLI,2002,0.28
Mali,MLI,2003,0.28
Mali,MLI,2004,0.29
Mali,MLI,2005,0.29
Mali,MLI,2006,0.29
Mali,MLI,2007,0.29
Mali,MLI,2008,0.29
Mali,MLI,2009,0.29
Mali,MLI,2010,0.29
Mali,MLI,2011,0.29
Mali,MLI,2012,0.29
Mali,MLI,2013,0.29
Mali,MLI,2014,0.29
Mali,MLI,2015,0.29
Mali,MLI,2016,0.29
Mali,MLI,2017,0.31
Mali,MLI,2018,0.32
Mali,MLI,2019,0.34
Mali,MLI,2020,0.39
Malta,MLT,2000,0.2
Malta,MLT,2001,0.2
Malta,MLT,2002,0.2
Malta,MLT,2003,0.2
Malta,MLT,2004,0.2
Malta,MLT,2005,0.2
Malta,MLT,2006,0.2
Malta,MLT,2007,0.2
Malta,MLT,2008,0.2
Malta,MLT,2009,0.2
Malta,MLT,2010,0.2
Malta,MLT,2011,0.2
Malta,MLT,2012,0.2
Malta,MLT,2013,0.2
Malta,MLT,2014,0.2
Malta,MLT,2015,0.2
Malta,MLT,2016,0.2
Malta,MLT,2017,0.2
Malta,MLT,2018,0.2
Malta,MLT,2019,0.2
Malta,MLT,2020,0.21
Mauritania,MRT,2000,0.28
Mauritania,MRT,2001,0.29
Mauritania,MRT,2002,0.29
Mauritania,MRT,2003,0.29
Mauritania,MRT,2004,0.29
Mauritania,MRT,2005,0.29
Mauritania,MRT,2006,0.3
Mauritania,MRT,2007,0.3
Mauritania,MRT,2008,0.3
Mauritania,MRT,2009,0.3
Mauritania,MRT,2010,0.3
Mauritania,MRT,2011,0.3
Mauritania,MRT,2012,0.31
Mauritania,MRT,2013,0.31
Mauritania,MRT,2014,0.31
Mauritania,MRT,2015,0.31
Mauritania,MRT,2016,0.31
Mauritania,MRT,2017,0.31
Mauritania,MRT,2018,0.31
Mauritania,MRT,2019,0.32
Mauritania,MRT,2020,0.32
Mauritius,MUS,2000,0.26
Mauritius,MUS,2001,0.26
Mauritius,MUS,2002,0.26
Mauritius,MUS,2003,0.26
Mauritius,MUS,2004,0.26
Mauritius,MUS,2005,0.26
Mauritius,MUS,2006,0.26
Mauritius,MUS,2007,0.26
Mauritius,MUS,2008,0.26
Mauritius,MUS,2009,0.26
Mauritius,MUS,2010,0.26
Mauritius,MUS,2011,0.26
Mauritius,MUS,2012,0.27
Mauritius,MUS,2013,0.27
Mauritius,MUS,2014,0.27
Mauritius,MUS,2015,0.27
Mauritius,MUS,2016,0.27
Mauritius,MUS,2017,0.27
Mauritius,MUS,2018,0.27
Mauritius,MUS,2019,0.27
Mauritius,MUS,2020,0.3
Mexico,MEX,2000,0.27
Mexico,MEX,2001,0.28
Mexico,MEX,2002,0.29
Mexico,MEX,2003,0.3
Mexico,MEX,2004,0.31
Mexico,MEX,2005,0.3
Mexico,MEX,2006,0.29
Mexico,MEX,2007,0.29
Mexico,MEX,2008,0.3
Mexico,MEX,2009,0.29
Mexico,MEX,2010,0.29
Mexico,MEX,2011,0.28
Mexico,MEX,2012,0.28
Mexico,MEX,2013,0.27
Mexico,MEX,2014,0.27
Mexico,MEX,2015,0.29
Mexico,MEX,2016,0.31
Mexico,MEX,2017,0.31
Mexico,MEX,2018,0.31
Mexico,MEX,2019,0.31
Mexico,MEX,2020,0.34
Moldova,MDA,2000,0.26
Moldova,MDA,2001,0.27
Moldova,MDA,2002,0.29
Moldova,MDA,2003,0.3
Moldova,MDA,2004,0.32
Moldova,MDA,2005,0.34
Moldova,MDA,2006,0.35
Moldova,MDA,2007,0.32
Moldova,MDA,2008,0.3
Moldova,MDA,2009,0.27
Moldova,MDA,2010,0.24
Moldova,MDA,2011,0.21
Moldova,MDA,2012,0.19
Moldova,MDA,2013,0.19
Moldova,MDA,2014,0.19
Moldova,MDA,2015,0.19
Moldova,MDA,2016,0.19
Moldova,MDA,2017,0.19
Moldova,MDA,2018,0.19
Moldova,MDA,2019,0.19
Moldova,MDA,2020,0.2
Mongolia,MNG,2000,0.26
Mongolia,MNG,2001,0.26
Mongolia,MNG,2002,0.26
Mongolia,MNG,2003,0.26
Mongolia,MNG,2004,0.26
Mongolia,MNG,2005,0.26
Mongolia,MNG,2006,0.26
Mongolia,MNG,2007,0.26
Mongolia,MNG,2008,0.25
Mongolia,MNG,2009,0.25
Mongolia,MNG,2010,0.25
Mongolia,MNG,2011,0.25
Mongolia,MNG,2012,0.25
Mongolia,MNG,2013,0.25
Mongolia,MNG,2014,0.25
Mongolia,MNG,2015,0.25
Mongolia,MNG,2016,0.24
Mongolia,MNG,2017,0.24
Mongolia,MNG,2018,0.24
Mongolia,MNG,2019,0.24
Mongolia,MNG,2020,0.24
Montenegro,MNE,2000,0.21
Montenegro,MNE,2001,0.21
Montenegro,MNE,2002,0.21
Montenegro,MNE,2003,0.21
Montenegro,MNE,2004,0.21
Montenegro,MNE,2005,0.21
Montenegro,MNE,2006,0.21
Montenegro,MNE,2007,0.21
Montenegro,MNE,2008,0.21
Montenegro,MNE,2009,0.21
Montenegro,MNE,2010,0.21
Montenegro,MNE,2011,0.21
Montenegro,MNE,2012,0.21
Montenegro,MNE,2013,0.21
Montenegro,MNE,2014,0.21
Montenegro,MNE,2015,0.21
Montenegro,MNE,2016,0.21
Montenegro,MNE,2017,0.21
Montenegro,MNE,2018,0.21
Montenegro,MNE,2019,0.21
Montenegro,MNE,2020,0.22
Morocco,MAR,2000,0.31
Morocco,MAR,2001,0.31
Morocco,MAR,2002,0.31
Morocco,MAR,2003,0.31
Morocco,MAR,2004,0.31
Morocco,MAR,2005,0.31
Morocco,MAR,2006,0.31
Morocco,MAR,2007,0.31
Morocco,MAR,2008,0.31
Morocco,MAR,2009,0.31
Morocco,MAR,2010,0.31
Morocco,MAR,2011,0.31
Morocco,MAR,2012,0.31
Morocco,MAR,2013,0.31
Morocco,MAR,2014,0.31
Morocco,MAR,2015,0.31
Morocco,MAR,2016,0.31
Morocco,MAR,2017,0.3
Morocco,MAR,2018,0.3
Morocco,MAR,2019,0.31
Morocco,MAR,2020,0.33
Mozambique,MOZ,2000,0.36
Mozambique,MOZ,2001,0.37
Mozambique,MOZ,2002,0.37
Mozambique,MOZ,2003,0.37
Mozambique,MOZ,2004,0.37
Mozambique,MOZ,2005,0.36
Mozambique,MOZ,2006,0.35
Mozambique,MOZ,2007,0.35
Mozambique,MOZ,2008,0.34
Mozambique,MOZ,2009,0.33
Mozambique,MOZ,2010,0.33
Mozambique,MOZ,2011,0.32
Mozambique,MOZ,2012,0.31
Mozambique,MOZ,2013,0.31
Mozambique,MOZ,2014,0.3
Mozambique,MOZ,2015,0.29
Mozambique,MOZ,2016,0.29
Mozambique,MOZ,2017,0.29
Mozambique,MOZ,2018,0.29
Mozambique,MOZ,2019,0.29
Mozambique,MOZ,2020,0.29
Myanmar,MMR,2000,0.28
Myanmar,MMR,2001,0.28
Myanmar,MMR,2002,0.28
Myanmar,MMR,2003,0.28
Myanmar,MMR,2004,0.28
Myanmar,MMR,2005,0.28
Myanmar,MMR,2006,0.28
Myanmar,MMR,2007,0.28
Myanmar,MMR,2008,0.28
Myanmar,MMR,2009,0.28
Myanmar,MMR,2010,0.28
Myanmar,MMR,2011,0.28
Myanmar,MMR,2012,0.28
Myanmar,MMR,2013,0.28
Myanmar,MMR,2014,0.28
Myanmar,MMR,2015,0.28
Myanmar,MMR,2016,0.28
Myanmar,MMR,2017,0.28
Myanmar,MMR,2018,0.28
Myanmar,MMR,2019,0.28
Myanmar,MMR,2020,0.28
Namibia,NAM,2000,0.24
Namibia,NAM,2001,0.25
Namibia,NAM,2002,0.25
Namibia,NAM,2003,0.25
Namibia,NAM,2004,0.26
Namibia,NAM,2005,0.26
Namibia,NAM,2006,0.27
Namibia,NAM,2007,0.27
Namibia,NAM,2008,0.28
Namibia,NAM,2009,0.28
Namibia,NAM,2010,0.29
Namibia,NAM,2011,0.29
Namibia,NAM,2012,0.3
Namibia,NAM,2013,0.3
Namibia,NAM,2014,0.3
Namibia,NAM,2015,0.31
Namibia,NAM,2016,0.31
Namibia,NAM,2017,0.32
Namibia,NAM,2018,0.32
Namibia,NAM,2019,0.32
Namibia,NAM,2020,0.33
Nepal,NPL,2000,0.3
Nepal,NPL,2001,0.3
Nepal,NPL,2002,0.29
Nepal,NPL,2003,0.29
Nepal,NPL,2004,0.28
Nepal,NPL,2005,0.28
Nepal,NPL,2006,0.28
Nepal,NPL,2007,0.27
Nepal,NPL,2008,0.27
Nepal,NPL,2009,0.26
Nepal,NPL,2010,0.26
Nepal,NPL,2011,0.26
Nepal,NPL,2012,0.26
Nepal,NPL,2013,0.26
Nepal,NPL,2014,0.26
Nepal,NPL,2015,0.26
Nepal,NPL,2016,0.26
Nepal,NPL,2017,0.26
Nepal,NPL,2018,0.26
Nepal,NPL,2019,0.26
Nepal,NPL,2020,0.28
Netherlands,NLD,2000,0.2
Netherlands,NLD,2001,0.2
Netherlands,NLD,2002,0.2
Netherlands,NLD,2003,0.2
Netherlands,NLD,2004,0.2
Netherlands,NLD,2005,0.2
Netherlands,NLD,2006,0.2
Netherlands,NLD,2007,0.2
Netherlands,NLD,2008,0.2
Netherlands,NLD,2009,0.2
Netherlands,NLD,2010,0.2
Netherlands,NLD,2011,0.2
Netherlands,NLD,2012,0.2
Netherlands,NLD,2013,0.2
Netherlands,NLD,2014,0.2
Netherlands,NLD,2015,0.2
Netherlands,NLD,2016,0.2
Netherlands,NLD,2017,0.2
Netherlands,NLD,2018,0.2
Netherlands,NLD,2019,0.2
Netherlands,NLD,2020,0.2
New Caledonia,NCL,2000,0.27
New Caledonia,NCL,2001,0.27
New Caledonia,NCL,2002,0.27
New Caledonia,NCL,2003,0.27
New Caledonia,NCL,2004,0.27
New Caledonia,NCL,2005,0.27
New Caledonia,NCL,2006,0.27
New Caledonia,NCL,2007,0.27
New Caledonia,NCL,2008,0.27
New Caledonia,NCL,2009,0.27
New Caledonia,NCL,2010,0.27
New Caledonia,NCL,2011,0.27
New Caledonia,NCL,2012,0.27
New Caledonia,NCL,2013,0.27
New Caledonia,NCL,2014,0.27
New Caledonia,NCL,2015,0.27
New Caledonia,NCL,2016,0.27
New Caledonia,NCL,2017,0.27
New Caledonia,NCL,2018,0.27
New Caledonia,NCL,2019,0.27
New Caledonia,NCL,2020,0.27
New Zealand,NZL,2000,0.2
New Zealand,NZL,2001,0.2
New Zealand,NZL,2002,0.2
New Zealand,NZL,2003,0.2
New Zealand,NZL,2004,0.2
New Zealand,NZL,2005,0.2
New Zealand,NZL,2006,0.2
New Zealand,NZL,2007,0.2
New Zealand,NZL,2008,0.2
New Zealand,NZL,2009,0.2
New Zealand,NZL,2010,0.2
New Zealand,NZL,2011,0.2
New Zealand,NZL,2012,0.2
New Zealand,NZL,2013,0.2
New Zealand,NZL,2014,0.2
New Zealand,NZL,2015,0.2
New Zealand,NZL,2016,0.2
New Zealand,NZL,2017,0.2
New Zealand,NZL,2018,0.21
New Zealand,NZL,2019,0.21
New Zealand,NZL,2020,0.21
Nicaragua,NIC,2000,0.32
Nicaragua,NIC,2001,0.32
Nicaragua,NIC,2002,0.32
Nicaragua,NIC,2003,0.32
Nicaragua,NIC,2004,0.33
Nicaragua,NIC,2005,0.33
Nicaragua,NIC,2006,0.33
Nicaragua,NIC,2007,0.33
Nicaragua,NIC,2008,0.33
Nicaragua,NIC,2009,0.33
Nicaragua,NIC,2010,0.33
Nicaragua,NIC,2011,0.33
Nicaragua,NIC,2012,0.33
Nicaragua,NIC,2013,0.33
Nicaragua,NIC,2014,0.33
Nicaragua,NIC,2015,0.33
Nicaragua,NIC,2016,0.33
Nicaragua,NIC,2017,0.33
Nicaragua,NIC,2018,0.33
Nicaragua,NIC,2019,0.33
Nicaragua,NIC,2020,0.34
Niger,NER,2000,0.31
Niger,NER,2001,0.31
Niger,NER,2002,0.31
Niger,NER,2003,0.31
Niger,NER,2004,0.32
Niger,NER,2005,0.32
Niger,NER,2006,0.32
Niger,NER,2007,0.32
Niger,NER,2008,0.32
Niger,NER,2009,0.32
Niger,NER,2010,0.32
Niger,NER,2011,0.33
Niger,NER,2012,0.33
Niger,NER,2013,0.33
Niger,NER,2014,0.33
Niger,NER,2015,0.33
Niger,NER,2016,0.33
Niger,NER,2017,0.34
Niger,NER,2018,0.35
Niger,NER,2019,0.36
Niger,NER,2020,0.41
Nigeria,NGA,2000,0.28
Nigeria,NGA,2001,0.28
Nigeria,NGA,2002,0.28
Nigeria,NGA,2003,0.28
Nigeria,NGA,2004,0.28
Nigeria,NGA,2005,0.28
Nigeria,NGA,2006,0.28
Nigeria,NGA,2007,0.28
Nigeria,NGA,2008,0.28
Nigeria,NGA,2009,0.28
Nigeria,NGA,2010,0.28
Nigeria,NGA,2011,0.28
Nigeria,NGA,2012,0.28
Nigeria,NGA,2013,0.28
Nigeria,NGA,2014,0.28
Nigeria,NGA,2015,0.28
Nigeria,NGA,2016,0.28
Nigeria,NGA,2017,0.28
Nigeria,NGA,2018,0.28
Nigeria,NGA,2019,0.28
Nigeria,NGA,2020,0.39
North Korea,PRK,2000,0.25
North Korea,PRK,2001,0.25
North Korea,PRK,2002,0.25
North Korea,PRK,2003,0.25
North Korea,PRK,2004,0.25
North Korea,PRK,2005,0.25
North Korea,PRK,2006,0.25
North Korea,PRK,2007,0.25
North Korea,PRK,2008,0.25
North Korea,PRK,2009,0.25
North Korea,PRK,2010,0.26
North Korea,PRK,2011,0.26
North Korea,PRK,2012,0.26
North Korea,PRK,2013,0.26
North Korea,PRK,2014,0.26
North Korea,PRK,2015,0.26
North Korea,PRK,2016,0.26
North Korea,PRK,2017,0.26
North Korea,PRK,2018,0.26
North Korea,PRK,2019,0.26
North Korea,PRK,2020,0.26
North Macedonia,MKD,2000,0.22
North Macedonia,MKD,2001,0.22
North Macedonia,MKD,2002,0.22
North Macedonia,MKD,2003,0.22
North Macedonia,MKD,2004,0.22
North Macedonia,MKD,2005,0.22
North Macedonia,MKD,2006,0.22
North Macedonia,MKD,2007,0.22
North Macedonia,MKD,2008,0.22
North Macedonia,MKD,2009,0.22
North Macedonia,MKD,2010,0.22
North Macedonia,MKD,2011,0.22
North Macedonia,MKD,2012,0.22
North Macedonia,MKD,2013,0.22
North Macedonia,MKD,2014,0.22
North Macedonia,MKD,2015,0.22
North Macedonia,MKD,2016,0.22
North Macedonia,MKD,2017,0.21
North Macedonia,MKD,2018,0.21
North Macedonia,MKD,2019,0.22
North Macedonia,MKD,2020,0.25
Norway,NOR,2000,0.2
Norway,NOR,2001,0.2
Norway,NOR,2002,0.2
Norway,NOR,2003,0.2
Norway,NOR,2004,0.2
Norway,NOR,2005,0.2
Norway,NOR,2006,0.2
Norway,NOR,2007,0.2
Norway,NOR,2008,0.2
Norway,NOR,2009,0.2
Norway,NOR,2010,0.2
Norway,NOR,2011,0.2
Norway,NOR,2012,0.2
Norway,NOR,2013,0.2
Norway,NOR,2014,0.2
Norway,NOR,2015,0.2
Norway,NOR,2016,0.2
Norway,NOR,2017,0.2
Norway,NOR,2018,0.2
Norway,NOR,2019,0.2
Norway,NOR,2020,0.2
Oman,OMN,2000,0.26
Oman,OMN,2001,0.26
Oman,OMN,2002,0.26
Oman,OMN,2003,0.26
Oman,OMN,2004,0.26
Oman,OMN,2005,0.26
Oman,OMN,2006,0.26
Oman,OMN,2007,0.26
Oman,OMN,2008,0.26
Oman,OMN,2009,0.26
Oman,OMN,2010,0.26
Oman,OMN,2011,0.26
Oman,OMN,2012,0.26
Oman,OMN,2013,0.26
Oman,OMN,2014,0.26
Oman,OMN,2015,0.26
Oman,OMN,2016,0.26
Oman,OMN,2017,0.26
Oman,OMN,2018,0.26
Oman,OMN,2019,0.26
Oman,OMN,2020,0.26
Pakistan,PAK,2000,0.32
Pakistan,PAK,2001,0.31
Pakistan,PAK,2002,0.29
Pakistan,PAK,2003,0.28
Pakistan,PAK,2004,0.27
Pakistan,PAK,2005,0.26
Pakistan,PAK,2006,0.25
Pakistan,PAK,2007,0.25
Pakistan,PAK,2008,0.25
Pakistan,PAK,2009,0.25
Pakistan,PAK,2010,0.25
Pakistan,PAK,2011,0.25
Pakistan,PAK,2012,0.25
Pakistan,PAK,2013,0.25
Pakistan,PAK,2014,0.24
Pakistan,PAK,2015,0.24
Pakistan,PAK,2016,0.24
Pakistan,PAK,2017,0.24
Pakistan,PAK,2018,0.24
Pakistan,PAK,2019,0.25
Pakistan,PAK,2020,0.27
Palestine,PSE,2000,0.23
Palestine,PSE,2001,0.25
Palestine,PSE,2002,0.28
Palestine,PSE,2003,0.31
Palestine,PSE,2004,0.33
Palestine,PSE,2005,0.36
Palestine,PSE,2006,0.36
Palestine,PSE,2007,0.36
Palestine,PSE,2008,0.36
Palestine,PSE,2009,0.37
Palestine,PSE,2010,0.37
Palestine,PSE,2011,0.37
Palestine,PSE,2012,0.37
Palestine,PSE,2013,0.37
Palestine,PSE,2014,0.37
Palestine,PSE,2015,0.37
Palestine,PSE,2016,0.37
Palestine,PSE,2017,0.37
Palestine,PSE,2018,0.37
Palestine,PSE,2019,0.37
Palestine,PSE,2020,0.37
Panama,PAN,2000,0.27
Panama,PAN,2001,0.27
Panama,PAN,2002,0.27
Panama,PAN,2003,0.27
Panama,PAN,2004,0.27
Panama,PAN,2005,0.27
Panama,PAN,2006,0.27
Panama,PAN,2007,0.27
Panama,PAN,2008,0.27
Panama,PAN,2009,0.27
Panama,PAN,2010,0.27
Panama,PAN,2011,0.27
Panama,PAN,2012,0.27
Panama,PAN,2013,0.27
Panama,PAN,2014,0.27
Panama,PAN,2015,0.27
Panama,PAN,2016,0.27
Panama,PAN,2017,0.28
Panama,PAN,2018,0.28
Panama,PAN,2019,0.28
Panama,PAN,2020,0.28
Papua New Guinea,PNG,2000,0.26
Papua New Guinea,PNG,2001,0.26
Papua New Guinea,PNG,2002,0.26
Papua New Guinea,PNG,2003,0.26
Papua New Guinea,PNG,2004,0.26
Papua New Guinea,PNG,2005,0.26
Papua New Guinea,PNG,2006,0.26
Papua New Guinea,PNG,2007,0.27
Papua New Guinea,PNG,2008,0.27
Papua New Guinea,PNG,2009,0.27
Papua New Guinea,PNG,2010,0.27
Papua New Guinea,PNG,2011,0.27
Papua New Guinea,PNG,2012,0.27
Papua New Guinea,PNG,2013,0.27
Papua New Guinea,PNG,2014,0.27
Papua New Guinea,PNG,2015,0.27
Papua New Guinea,PNG,2016,0.27
Papua New Guinea,PNG,2017,0.27
Papua New Guinea,PNG,2018,0.27
Papua New Guinea,PNG,2019,0.27
Papua New Guinea,PNG,2020,0.27
Paraguay,PRY,2000,0.27
Paraguay,PRY,2001,0.27
Paraguay,PRY,2002,0.27
Paraguay,PRY,2003,0.27
Paraguay,PRY,2004,0.26
Paraguay,PRY,2005,0.26
Paraguay,PRY,2006,0.25
Paraguay,PRY,2007,0.25
Paraguay,PRY,2008,0.24
Paraguay,PRY,2009,0.24
Paraguay,PRY,2010,0.24
Paraguay,PRY,2011,0.24
Paraguay,PRY,2012,0.25
Paraguay,PRY,2013,0.24
Paraguay,PRY,2014,0.24
Paraguay,PRY,2015,0.24
Paraguay,PRY,2016,0.25
Paraguay,PRY,2017,0.25
Paraguay,PRY,2018,0.25
Paraguay,PRY,2019,0.26
Paraguay,PRY,2020,0.29
Peru,PER,2000,0.27
Peru,PER,2001,0.27
Peru,PER,2002,0.27
Peru,PER,2003,0.27
Peru,PER,2004,0.27
Peru,PER,2005,0.26
Peru,PER,2006,0.26
Peru,PER,2007,0.25
Peru,PER,2008,0.25
Peru,PER,2009,0.24
Peru,PER,2010,0.24
Peru,PER,2011,0.23
Peru,PER,2012,0.23
Peru,PER,2013,0.23
Peru,PER,2014,0.23
Peru,PER,2015,0.24
Peru,PER,2016,0.25
Peru,PER,2017,0.26
Peru,PER,2018,0.26
Peru,PER,2019,0.27
Peru,PER,2020,0.29
Philippines,PHL,2000,0.3
Philippines,PHL,2001,0.3
Philippines,PHL,2002,0.3
Philippines,PHL,2003,0.29
Philippines,PHL,2004,0.29
Philippines,PHL,2005,0.29
Philippines,PHL,2006,0.29
Philippines,PHL,2007,0.29
Philippines,PHL,2008,0.29
Philippines,PHL,2009,0.29
Philippines,PHL,2010,0.29
Philippines,PHL,2011,0.29
Philippines,PHL,2012,0.29
Philippines,PHL,2013,0.29
Philippines,PHL,2014,0.29
Philippines,PHL,2015,0.29
Philippines,PHL,2016,0.29
Philippines,PHL,2017,0.29
Philippines,PHL,2018,0.29
Philippines,PHL,2019,0.29
Philippines,PHL,2020,0.31
Poland,POL,2000,0.21
Poland,POL,2001,0.21
Poland,POL,2002,0.21
Poland,POL,2003,0.21
Poland,POL,2004,0.21
Poland,POL,2005,0.21
Poland,POL,2006,0.21
Poland,POL,2007,0.21
Poland,POL,2008,0.21
Poland,POL,2009,0.21
Poland,POL,2010,0.21
Poland,POL,2011,0.21
Poland,POL,2012,0.21
Poland,POL,2013,0.21
Poland,POL,2014,0.21
Poland,POL,2015,0.21
Poland,POL,2016,0.21
Poland,POL,2017,0.21
Poland,POL,2018,0.21
Poland,POL,2019,0.2
Poland,POL,2020,0.21
Portugal,PRT,2000,0.21
Portugal,PRT,2001,0.21
Portugal,PRT,2002,0.21
Portugal,PRT,2003,0.21
Portugal,PRT,2004,0.21
Portugal,PRT,2005,0.21
Portugal,PRT,2006,0.21
Portugal,PRT,2007,0.21
Portugal,PRT,2008,0.21
Portugal,PRT,2009,0.21
Portugal,PRT,2010,0.21
Portugal,PRT,2011,0.21
Portugal,PRT,2012,0.21
Portugal,PRT,2013,0.21
Portugal,PRT,2014,0.21
Portugal,PRT,2015,0.21
Portugal,PRT,2016,0.21
Portugal,PRT,2017,0.21
Portugal,PRT,2018,0.21
Portugal,PRT,2019,0.2
Portugal,PRT,2020,0.21
Romania,ROU,2000,0.21
Romania,ROU,2001,0.21
Romania,ROU,2002,0.21
Romania,ROU,2003,0.21
Romania,ROU,2004,0.21
Romania,ROU,2005,0.21
Romania,ROU,2006,0.21
Romania,ROU,2007,0.21
Romania,ROU,2008,0.21
Romania,ROU,2009,0.21
Romania,ROU,2010,0.21
Romania,ROU,2011,0.21
Romania,ROU,2012,0.21
Romania,ROU,2013,0.21
Romania,ROU,2014,0.21
Romania,ROU,2015,0.21
Romania,ROU,2016,0.21
Romania,ROU,2017,0.21
Romania,ROU,2018,0.21
Romania,ROU,2019,0.2
Romania,ROU,2020,0.2
Russia,RUS,2000,0.22
Russia,RUS,2001,0.22
Russia,RUS,2002,0.22
Russia,RUS,2003,0.22
Russia,RUS,2004,0.22
Russia,RUS,2005,0.22
Russia,RUS,2006,0.22
Russia,RUS,2007,0.22
Russia,RUS,2008,0.22
Russia,RUS,2009,0.22
Russia,RUS,2010,0.22
Russia,RUS,2011,0.22
Russia,RUS,2012,0.22
Russia,RUS,2013,0.22
Russia,RUS,2014,0.22
Russia,RUS,2015,0.22
Russia,RUS,2016,0.22
Russia,RUS,2017,0.22
Russia,RUS,2018,0.22
Russia,RUS,2019,0.22
Russia,RUS,2020,0.23
Rwanda,RWA,2000,0.31
Rwanda,RWA,2001,0.31
Rwanda,RWA,2002,0.32
Rwanda,RWA,2003,0.32
Rwanda,RWA,2004,0.32
Rwanda,RWA,2005,0.32
Rwanda,RWA,2006,0.32
Rwanda,RWA,2007,0.32
Rwanda,RWA,2008,0.32
Rwanda,RWA,2009,0.33
Rwanda,RWA,2010,0.33
Rwanda,RWA,2011,0.33
Rwanda,RWA,2012,0.33
Rwanda,RWA,2013,0.33
Rwanda,RWA,2014,0.33
Rwanda,RWA,2015,0.33
Rwanda,RWA,2016,0.33
Rwanda,RWA,2017,0.33
Rwanda,RWA,2018,0.33
Rwanda,RWA,2019,0.33
Rwanda,RWA,2020,0.35
Saint Kitts and Nevis,KNA,2000,0.26
Saint Kitts and Nevis,KNA,2001,0.26
Saint Kitts and Nevis,KNA,2002,0.26
Saint Kitts and Nevis,KNA,2003,0.26
Saint Kitts and Nevis,KNA,2004,0.26
Saint Kitts and Nevis,KNA,2005,0.26
Saint Kitts and Nevis,KNA,2006,0.26
Saint Kitts and Nevis,KNA,2007,0.26
Saint Kitts and Nevis,KNA,2008,0.26
Saint Kitts and Nevis,KNA,2009,0.26
Saint Kitts and Nevis,KNA,2010,0.26
Saint Kitts and Nevis,KNA,2011,0.26
Saint Kitts and Nevis,KNA,2012,0.26
Saint Kitts and Nevis,KNA,2013,0.26
Saint Kitts and Nevis,KNA,2014,0.26
Saint Kitts and Nevis,KNA,2015,0.26
Saint Kitts and Nevis,KNA,2016,0.26
Saint Kitts and Nevis,KNA,2017,0.26
Saint Kitts and Nevis,KNA,2018,0.26
Saint Kitts and Nevis,KNA,2019,0.26
Saint Kitts and Nevis,KNA,2020,0.26
Saint Lucia,LCA,2000,0.25
Saint Lucia,LCA,2001,0.25
Saint Lucia,LCA,2002,0.25
Saint Lucia,LCA,2003,0.25
Saint Lucia,LCA,2004,0.24
Saint Lucia,LCA,2005,0.24
Saint Lucia,LCA,2006,0.24
Saint Lucia,LCA,2007,0.24
Saint Lucia,LCA,2008,0.24
Saint Lucia,LCA,2009,0.23
Saint Lucia,LCA,2010,0.23
Saint Lucia,LCA,2011,0.23
Saint Lucia,LCA,2012,0.23
Saint Lucia,LCA,2013,0.23
Saint Lucia,LCA,2014,0.23
Saint Lucia,LCA,2015,0.22
Saint Lucia,LCA,2016,0.22
Saint Lucia,LCA,2017,0.22
Saint Lucia,LCA,2018,0.22
Saint Lucia,LCA,2019,0.22
Saint Lucia,LCA,2020,0.22
Saint Vincent and the Grenadines,VCT,2000,0.24
Saint Vincent and the Grenadines,VCT,2001,0.24
Saint Vincent and the Grenadines,VCT,2002,0.24
Saint Vincent and the Grenadines,VCT,2003,0.24
Saint Vincent and the Grenadines,VCT,2004,0.24
Saint Vincent and the Grenadines,VCT,2005,0.24
Saint Vincent and the Grenadines,VCT,2006,0.24
Saint Vincent and the Grenadines,VCT,2007,0.24
Saint Vincent and the Grenadines,VCT,2008,0.24
Saint Vincent and the Grenadines,VCT,2009,0.24
Saint Vincent and the Grenadines,VCT,2010,0.24
Saint Vincent and the Grenadines,VCT,2011,0.24
Saint Vincent and the Grenadines,VCT,2012,0.24
Saint Vincent and the Grenadines,VCT,2013,0.24
Saint Vincent and the Grenadines,VCT,2014,0.24
Saint Vincent and the Grenadines,VCT,2015,0.24
Saint Vincent and the Grenadines,VCT,2016,0.24
Saint Vincent and the Grenadines,VCT,2017,0.24
Saint Vincent and the Grenadines,VCT,2018,0.24
Saint Vincent and the Grenadines,VCT,2019,0.24
Saint Vincent and the Grenadines,VCT,2020,0.24
Samoa,WSM,2000,0.23
Samoa,WSM,2001,0.23
Samoa,WSM,2002,0.23
Samoa,WSM,2003,0.24
Samoa,WSM,2004,0.24
Samoa,WSM,2005,0.24
Samoa,WSM,2006,0.24
Samoa,WSM,2007,0.25
Samoa,WSM,2008,0.25
Samoa,WSM,2009,0.25
Samoa,WSM,2010,0.25
Samoa,WSM,2011,0.25
Samoa,WSM,2012,0.26
Samoa,WSM,2013,0.26
Samoa,WSM,2014,0.26
Samoa,WSM,2015,0.26
Samoa,WSM,2016,0.27
Samoa,WSM,2017,0.27
Samoa,WSM,2018,0.27
Samoa,WSM,2019,0.27
Samoa,WSM,2020,0.27
Sao Tome and Principe,STP,2000,0.23
Sao Tome and Principe,STP,2001,0.23
Sao Tome and Principe,STP,2002,0.23
Sao Tome and Principe,STP,2003,0.23
Sao Tome and Principe,STP,2004,0.23
Sao Tome and Principe,STP,2005,0.23
Sao Tome and Principe,STP,2006,0.23
Sao Tome and Principe,STP,2007,0.22
Sao Tome and Principe,STP,2008,0.22
Sao Tome and Principe,STP,2009,0.22
Sao Tome and Principe,STP,2010,0.22
Sao Tome and Principe,STP,2011,0.22
Sao Tome and Principe,STP,2012,0.22
Sao Tome and Principe,STP,2013,0.22
Sao Tome and Principe,STP,2014,0.22
Sao Tome and Principe,STP,2015,0.22
Sao Tome and Principe,STP,2016,0.22
Sao Tome and Principe,STP,2017,0.22
Sao Tome and Principe,STP,2018,0.22
Sao Tome and Principe,STP,2019,0.22
Sao Tome and Principe,STP,2020,0.22
Saudi Arabia,SAU,2000,0.28
Saudi Arabia,SAU,2001,0.28
Saudi Arabia,SAU,2002,0.28
Saudi Arabia,SAU,2003,0.28
Saudi Arabia,SAU,2004,0.28
Saudi Arabia,SAU,2005,0.28
Saudi Arabia,SAU,2006,0.28
Saudi Arabia,SAU,2007,0.28
Saudi Arabia,SAU,2008,0.28
Saudi Arabia,SAU,2009,0.28
Saudi Arabia,SAU,2010,0.28
Saudi Arabia,SAU,2011,0.28
Saudi Arabia,SAU,2012,0.28
Saudi Arabia,SAU,2013,0.28
Saudi Arabia,SAU,2014,0.28
Saudi Arabia,SAU,2015,0.28
Saudi Arabia,SAU,2016,0.28
Saudi Arabia,SAU,2017,0.28
Saudi Arabia,SAU,2018,0.28
Saudi Arabia,SAU,2019,0.28
Saudi Arabia,SAU,2020,0.28
Senegal,SEN,2000,0.25
Senegal,SEN,2001,0.25
Senegal,SEN,2002,0.25
Senegal,SEN,2003,0.24
Senegal,SEN,2004,0.24
Senegal,SEN,2005,0.24
Senegal,SEN,2006,0.24
Senegal,SEN,2007,0.24
Senegal,SEN,2008,0.24
Senegal,SEN,2009,0.24
Senegal,SEN,2010,0.24
Senegal,SEN,2011,0.23
Senegal,SEN,2012,0.23
Senegal,SEN,2013,0.24
Senegal,SEN,2014,0.24
Senegal,SEN,2015,0.24
Senegal,SEN,2016,0.24
Senegal,SEN,2017,0.24
Senegal,SEN,2018,0.23
Senegal,SEN,2019,0.24
Senegal,SEN,2020,0.24
Serbia,SRB,2000,0.2
Serbia,SRB,2001,0.2
Serbia,SRB,2002,0.2
Serbia,SRB,2003,0.2
Serbia,SRB,2004,0.2
Serbia,SRB,2005,0.2
Serbia,SRB,2006,0.2
Serbia,SRB,2007,0.2
Serbia,SRB,2008,0.2
Serbia,SRB,2009,0.2
Serbia,SRB,2010,0.2
Serbia,SRB,2011,0.2
Serbia,SRB,2012,0.2
Serbia,SRB,2013,0.2
Serbia,SRB,2014,0.2
Serbia,SRB,2015,0.2
Serbia,SRB,2016,0.2
Serbia,SRB,2017,0.2
Serbia,SRB,2018,0.2
Serbia,SRB,2019,0.2
Serbia,SRB,2020,0.22
Seychelles,SYC,2000,0.22
Seychelles,SYC,2001,0.22
Seychelles,SYC,2002,0.23
Seychelles,SYC,2003,0.23
Seychelles,SYC,2004,0.23
Seychelles,SYC,2005,0.23
Seychelles,SYC,2006,0.23
Seychelles,SYC,2007,0.23
Seychelles,SYC,2008,0.23
Seychelles,SYC,2009,0.23
Seychelles,SYC,2010,0.23
Seychelles,SYC,2011,0.23
Seychelles,SYC,2012,0.23
Seychelles,SYC,2013,0.23
Seychelles,SYC,2014,0.23
Seychelles,SYC,2015,0.23
Seychelles,SYC,2016,0.23
Seychelles,SYC,2017,0.23
Seychelles,SYC,2018,0.23
Seychelles,SYC,2019,0.23
Seychelles,SYC,2020,0.23
Sierra Leone,SLE,2000,0.35
Sierra Leone,SLE,2001,0.35
Sierra Leone,SLE,2002,0.35
Sierra Leone,SLE,2003,0.35
Sierra Leone,SLE,2004,0.35
Sierra Leone,SLE,2005,0.36
Sierra Leone,SLE,2006,0.35
Sierra Leone,SLE,2007,0.35
Sierra Leone,SLE,2008,0.34
Sierra Leone,SLE,2009,0.34
Sierra Leone,SLE,2010,0.33
Sierra Leone,SLE,2011,0.33
Sierra Leone,SLE,2012,0.33
Sierra Leone,SLE,2013,0.33
Sierra Leone,SLE,2014,0.33
Sierra Leone,SLE,2015,0.33
Sierra Leone,SLE,2016,0.33
Sierra Leone,SLE,2017,0.33
Sierra Leone,SLE,2018,0.33
Sierra Leone,SLE,2019,0.33
Sierra Leone,SLE,2020,0.33
Slovakia,SVK,2000,0.2
Slovakia,SVK,2001,0.2
Slovakia,SVK,2002,0.2
Slovakia,SVK,2003,0.2
Slovakia,SVK,2004,0.2
Slovakia,SVK,2005,0.2
Slovakia,SVK,2006,0.2
Slovakia,SVK,2007,0.2
Slovakia,SVK,2008,0.2
Slovakia,SVK,2009,0.2
Slovakia,SVK,2010,0.2
Slovakia,SVK,2011,0.2
Slovakia,SVK,2012,0.2
Slovakia,SVK,2013,0.2
Slovakia,SVK,2014,0.2
Slovakia,SVK,2015,0.2
Slovakia,SVK,2016,0.2
Slovakia,SVK,2017,0.2
Slovakia,SVK,2018,0.2
Slovakia,SVK,2019,0.2
Slovakia,SVK,2020,0.21
Slovenia,SVN,2000,0.2
Slovenia,SVN,2001,0.2
Slovenia,SVN,2002,0.2
Slovenia,SVN,2003,0.2
Slovenia,SVN,2004,0.2
Slovenia,SVN,2005,0.2
Slovenia,SVN,2006,0.2
Slovenia,SVN,2007,0.2
Slovenia,SVN,2008,0.2
Slovenia,SVN,2009,0.2
Slovenia,SVN,2010,0.2
Slovenia,SVN,2011,0.2
Slovenia,SVN,2012,0.2
Slovenia,SVN,2013,0.2
Slovenia,SVN,2014,0.2
Slovenia,SVN,2015,0.2
Slovenia,SVN,2016,0.2
Slovenia,SVN,2017,0.2
Slovenia,SVN,2018,0.2
Slovenia,SVN,2019,0.2
Slovenia,SVN,2020,0.2
Solomon Islands,SLB,2000,0.24
Solomon Islands,SLB,2001,0.25
Solomon Islands,SLB,2002,0.25
Solomon Islands,SLB,2003,0.25
Solomon Islands,SLB,2004,0.26
Solomon Islands,SLB,2005,0.26
Solomon Islands,SLB,2006,0.27
Solomon Islands,SLB,2007,0.27
Solomon Islands,SLB,2008,0.27
Solomon Islands,SLB,2009,0.28
Solomon Islands,SLB,2010,0.28
Solomon Islands,SLB,2011,0.29
Solomon Islands,SLB,2012,0.29
Solomon Islands,SLB,2013,0.29
Solomon Islands,SLB,2014,0.29
Solomon Islands,SLB,2015,0.29
Solomon Islands,SLB,2016,0.29
Solomon Islands,SLB,2017,0.29
Solomon Islands,SLB,2018,0.29
Solomon Islands,SLB,2019,0.29
Solomon Islands,SLB,2020,0.29
Somalia,SOM,2000,0.3
Somalia,SOM,2001,0.3
Somalia,SOM,2002,0.3
Somalia,SOM,2003,0.3
Somalia,SOM,2004,0.3
Somalia,SOM,2005,0.3
Somalia,SOM,2006,0.3
Somalia,SOM,2007,0.3
Somalia,SOM,2008,0.3
Somalia,SOM,2009,0.3
Somalia,SOM,2010,0.3
Somalia,SOM,2011,0.3
Somalia,SOM,2012,0.3
Somalia,SOM,2013,0.3
Somalia,SOM,2014,0.3
Somalia,SOM,2015,0.3
Somalia,SOM,2016,0.3
Somalia,SOM,2017,0.3
Somalia,SOM,2018,0.3
Somalia,SOM,2019,0.3
Somalia,SOM,2020,0.34
South Africa,ZAF,2000,0.23
South Africa,ZAF,2001,0.23
South Africa,ZAF,2002,0.23
South Africa,ZAF,2003,0.23
South Africa,ZAF,2004,0.23
South Africa,ZAF,2005,0.23
South Africa,ZAF,2006,0.23
South Africa,ZAF,2007,0.23
South Africa,ZAF,2008,0.23
South Africa,ZAF,2009,0.23
South Africa,ZAF,2010,0.23
South Africa,ZAF,2011,0.24
South Africa,ZAF,2012,0.24
South Africa,ZAF,2013,0.24
South Africa,ZAF,2014,0.24
South Africa,ZAF,2015,0.25
South Africa,ZAF,2016,0.25
South Africa,ZAF,2017,0.25
South Africa,ZAF,2018,0.25
South Africa,ZAF,2019,0.25
South Africa,ZAF,2020,0.27
South Korea,KOR,2000,0.22
South Korea,KOR,2001,0.22
South Korea,KOR,2002,0.22
South Korea,KOR,2003,0.22
South Korea,KOR,2004,0.22
South Korea,KOR,2005,0.22
South Korea,KOR,2006,0.22
South Korea,KOR,2007,0.22
South Korea,KOR,2008,0.22
South Korea,KOR,2009,0.22
South Korea,KOR,2010,0.22
South Korea,KOR,2011,0.22
South Korea,KOR,2012,0.22
South Korea,KOR,2013,0.22
South Korea,KOR,2014,0.22
South Korea,KOR,2015,0.22
South Korea,KOR,2016,0.22
South Korea,KOR,2017,0.22
South Korea,KOR,2018,0.22
South Korea,KOR,2019,0.22
South Korea,KOR,2020,0.22
South Sudan,SSD,2000,0.27
South Sudan,SSD,2001,0.28
South Sudan,SSD,2002,0.28
South Sudan,SSD,2003,0.28
South Sudan,SSD,2004,0.29
South Sudan,SSD,2005,0.29
South Sudan,SSD,2006,0.29
South Sudan,SSD,2007,0.29
South Sudan,SSD,2008,0.3
South Sudan,SSD,2009,0.3
South Sudan,SSD,2010,0.3
South Sudan,SSD,2011,0.3
South Sudan,SSD,2012,0.3
South Sudan,SSD,2013,0.3
South Sudan,SSD,2014,0.3
South Sudan,SSD,2015,0.3
South Sudan,SSD,2016,0.3
South Sudan,SSD,2017,0.3
South Sudan,SSD,2018,0.3
South Sudan,SSD,2019,0.29
South Sudan,SSD,2020,0.29
Spain,ESP,2000,0.21
Spain,ESP,2001,0.21
Spain,ESP,2002,0.21
Spain,ESP,2003,0.21
Spain,ESP,2004,0.21
Spain,ESP,2005,0.21
Spain,ESP,2006,0.21
Spain,ESP,2007,0.21
Spain,ESP,2008,0.21
Spain,ESP,2009,0.21
Spain,ESP,2010,0.21
Spain,ESP,2011,0.21
Spain,ESP,2012,0.21
Spain,ESP,2013,0.21
Spain,ESP,2014,0.21
Spain,ESP,2015,0.21
Spain,ESP,2016,0.21
Spain,ESP,2017,0.21
Spain,ESP,2018,0.21
Spain,ESP,2019,0.21
Spain,ESP,2020,0.21
Sri Lanka,LKA,2000,0.24
Sri Lanka,LKA,2001,0.24
Sri Lanka,LKA,2002,0.24
Sri Lanka,LKA,2003,0.24
Sri Lanka,LKA,2004,0.24
Sri Lanka,LKA,2005,0.24
Sri Lanka,LKA,2006,0.24
Sri Lanka,LKA,2007,0.24
Sri Lanka,LKA,2008,0.24
Sri Lanka,LKA,2009,0.24
Sri Lanka,LKA,2010,0.24
Sri Lanka,LKA,2011,0.24
Sri Lanka,LKA,2012,0.24
Sri Lanka,LKA,2013,0.24
Sri Lanka,LKA,2014,0.24
Sri Lanka,LKA,2015,0.24
Sri Lanka,LKA,2016,0.24
Sri Lanka,LKA,2017,0.24
Sri Lanka,LKA,2018,0.24
Sri Lanka,LKA,2019,0.25
Sri Lanka,LKA,2020,0.27
Sudan,SDN,2000,0.27
Sudan,SDN,2001,0.27
Sudan,SDN,2002,0.27
Sudan,SDN,2003,0.27
Sudan,SDN,2004,0.27
Sudan,SDN,2005,0.27
Sudan,SDN,2006,0.27
Sudan,SDN,2007,0.27
Sudan,SDN,2008,0.27
Sudan,SDN,2009,0.27
Sudan,SDN,2010,0.27
Sudan,SDN,2011,0.27
Sudan,SDN,2012,0.27
Sudan,SDN,2013,0.27
Sudan,SDN,2014,0.27
Sudan,SDN,2015,0.27
Sudan,SDN,2016,0.27
Sudan,SDN,2017,0.27
Sudan,SDN,2018,0.27
Sudan,SDN,2019,0.28
Sudan,SDN,2020,0.28
Suriname,SUR,2000,0.24
Suriname,SUR,2001,0.24
Suriname,SUR,2002,0.24
Suriname,SUR,2003,0.24
Suriname,SUR,2004,0.24
Suriname,SUR,2005,0.24
Suriname,SUR,2006,0.24
Suriname,SUR,2007,0.24
Suriname,SUR,2008,0.24
Suriname,SUR,2009,0.24
Suriname,SUR,2010,0.24
Suriname,SUR,2011,0.24
Suriname,SUR,2012,0.24
Suriname,SUR,2013,0.24
Suriname,SUR,2014,0.24
Suriname,SUR,2015,0.24
Suriname,SUR,2016,0.24
Suriname,SUR,2017,0.24
Suriname,SUR,2018,0.24
Suriname,SUR,2019,0.24
Suriname,SUR,2020,0.24
Sweden,SWE,2000,0.2
Sweden,SWE,2001,0.2
Sweden,SWE,2002,0.2
Sweden,SWE,2003,0.2
Sweden,SWE,2004,0.2
Sweden,SWE,2005,0.2
Sweden,SWE,2006,0.2
Sweden,SWE,2007,0.2
Sweden,SWE,2008,0.2
Sweden,SWE,2009,0.2
Sweden,SWE,2010,0.2
Sweden,SWE,2011,0.2
Sweden,SWE,2012,0.2
Sweden,SWE,2013,0.2
Sweden,SWE,2014,0.2
Sweden,SWE,2015,0.2
Sweden,SWE,2016,0.2
Sweden,SWE,2017,0.2
Sweden,SWE,2018,0.2
Sweden,SWE,2019,0.2
Sweden,SWE,2020,0.21
Switzerland,CHE,2000,0.2
Switzerland,CHE,2001,0.2
Switzerland,CHE,2002,0.2
Switzerland,CHE,2003,0.2
Switzerland,CHE,2004,0.2
Switzerland,CHE,2005,0.2
Switzerland,CHE,2006,0.2
Switzerland,CHE,2007,0.2
Switzerland,CHE,2008,0.2
Switzerland,CHE,2009,0.2
Switzerland,CHE,2010,0.2
Switzerland,CHE,2011,0.2
Switzerland,CHE,2012,0.2
Switzerland,CHE,2013,0.2
Switzerland,CHE,2014,0.2
Switzerland,CHE,2015,0.2
Switzerland,CHE,2016,0.2
Switzerland,CHE,2017,0.2
Switzerland,CHE,2018,0.2
Switzerland,CHE,2019,0.2
Switzerland,CHE,2020,0.2
Syria,SYR,2000,0.26
Syria,SYR,2001,0.26
Syria,SYR,2002,0.26
Syria,SYR,2003,0.26
Syria,SYR,2004,0.26
Syria,SYR,2005,0.26
Syria,SYR,2006,0.26
Syria,SYR,2007,0.26
Syria,SYR,2008,0.26
Syria,SYR,2009,0.26
Syria,SYR,2010,0.26
Syria,SYR,2011,0.26
Syria,SYR,2012,0.26
Syria,SYR,2013,0.26
Syria,SYR,2014,0.26
Syria,SYR,2015,0.26
Syria,SYR,2016,0.26
Syria,SYR,2017,0.26
Syria,SYR,2018,0.26
Syria,SYR,2019,0.26
Syria,SYR,2020,0.26
Taiwan,TWN,2000,0.24
Taiwan,TWN,2001,0.24
Taiwan,TWN,2002,0.24
Taiwan,TWN,2003,0.24
Taiwan,TWN,2004,0.24
Taiwan,TWN,2005,0.24
Taiwan,TWN,2006,0.24
Taiwan,TWN,2007,0.23
Taiwan,TWN,2008,0.23
Taiwan,TWN,2009,0.23
Taiwan,TWN,2010,0.23
Taiwan,TWN,2011,0.23
Taiwan,TWN,2012,0.23
Taiwan,TWN,2013,0.23
Taiwan,TWN,2014,0.22
Taiwan,TWN,2015,0.22
Taiwan,TWN,2016,0.22
Taiwan,TWN,2017,0.22
Taiwan,TWN,2018,0.22
Taiwan,TWN,2019,0.22
Taiwan,TWN,2020,0.22
Tajikistan,TJK,2000,0.24
Tajikistan,TJK,2001,0.25
Tajikistan,TJK,2002,0.26
Tajikistan,TJK,2003,0.26
Tajikistan,TJK,2004,0.27
Tajikistan,TJK,2005,0.28
Tajikistan,TJK,2006,0.28
Tajikistan,TJK,2007,0.28
Tajikistan,TJK,2008,0.28
Tajikistan,TJK,2009,0.28
Tajikistan,TJK,2010,0.28
Tajikistan,TJK,2011,0.28
Tajikistan,TJK,2012,0.28
Tajikistan,TJK,2013,0.28
Tajikistan,TJK,2014,0.28
Tajikistan,TJK,2015,0.28
Tajikistan,TJK,2016,0.28
Tajikistan,TJK,2017,0.28
Tajikistan,TJK,2018,0.29
Tajikistan,TJK,2019,0.28
Tajikistan,TJK,2020,0.3
Tanzania,TZA,2000,0.32
Tanzania,TZA,2001,0.32
Tanzania,TZA,2002,0.33
Tanzania,TZA,2003,0.34
Tanzania,TZA,2004,0.34
Tanzania,TZA,2005,0.35
Tanzania,TZA,2006,0.36
Tanzania,TZA,2007,0.36
Tanzania,TZA,2008,0.36
Tanzania,TZA,2009,0.36
Tanzania,TZA,2010,0.36
Tanzania,TZA,2011,0.36
Tanzania,TZA,2012,0.36
Tanzania,TZA,2013,0.36
Tanzania,TZA,2014,0.36
Tanzania,TZA,2015,0.36
Tanzania,TZA,2016,0.36
Tanzania,TZA,2017,0.36
Tanzania,TZA,2018,0.36
Tanzania,TZA,2019,0.36
Tanzania,TZA,2020,0.38
Thailand,THA,2000,0.28
Thailand,THA,2001,0.28
Thailand,THA,2002,0.27
Thailand,THA,2003,0.27
Thailand,THA,2004,0.27
Thailand,THA,2005,0.26
Thailand,THA,2006,0.26
Thailand,THA,2007,0.26
Thailand,THA,2008,0.25
Thailand,THA,2009,0.25
Thailand,THA,2010,0.25
Thailand,THA,2011,0.25
Thailand,THA,2012,0.24
Thailand,THA,2013,0.24
Thailand,THA,2014,0.23
Thailand,THA,2015,0.23
Thailand,THA,2016,0.23
Thailand,THA,2017,0.24
Thailand,THA,2018,0.24
Thailand,THA,2019,0.24
Thailand,THA,2020,0.26
Togo,TGO,2000,0.3
Togo,TGO,2001,0.3
Togo,TGO,2002,0.31
Togo,TGO,2003,0.31
Togo,TGO,2004,0.31
Togo,TGO,2005,0.32
Togo,TGO,2006,0.32
Togo,TGO,2007,0.32
Togo,TGO,2008,0.32
Togo,TGO,2009,0.32
Togo,TGO,2010,0.32
Togo,TGO,2011,0.32
Togo,TGO,2012,0.32
Togo,TGO,2013,0.32
Togo,TGO,2014,0.32
Togo,TGO,2015,0.32
Togo,TGO,2016,0.32
Togo,TGO,2017,0.32
Togo,TGO,2018,0.31
Togo,TGO,2019,0.32
Togo,TGO,2020,0.32
Trinidad and Tobago,TTO,2000,0.27
Trinidad and Tobago,TTO,2001,0.27
Trinidad and Tobago,TTO,2002,0.27
Trinidad and Tobago,TTO,2003,0.27
Trinidad and Tobago,TTO,2004,0.27
Trinidad and Tobago,TTO,2005,0.27
Trinidad and Tobago,TTO,2006,0.27
Trinidad and Tobago,TTO,2007,0.27
Trinidad and Tobago,TTO,2008,0.27
Trinidad and Tobago,TTO,2009,0.27
Trinidad and Tobago,TTO,2010,0.27
Trinidad and Tobago,TTO,2011,0.27
Trinidad and Tobago,TTO,2012,0.27
Trinidad and Tobago,TTO,2013,0.27
Trinidad and Tobago,TTO,2014,0.27
Trinidad and Tobago,TTO,2015,0.27
Trinidad and Tobago,TTO,2016,0.27
Trinidad and Tobago,TTO,2017,0.27
Trinidad and Tobago,TTO,2018,0.27
Trinidad and Tobago,TTO,2019,0.27
Trinidad and Tobago,TTO,2020,0.27
Tunisia,TUN,2000,0.29
Tunisia,TUN,2001,0.29
Tunisia,TUN,2002,0.29
Tunisia,TUN,2003,0.29
Tunisia,TUN,2004,0.29
Tunisia,TUN,2005,0.29
Tunisia,TUN,2006,0.29
Tunisia,TUN,2007,0.29
Tunisia,TUN,2008,0.29
Tunisia,TUN,2009,0.29
Tunisia,TUN,2010,0.29
Tunisia,TUN,2011,0.29
Tunisia,TUN,2012,0.29
Tunisia,TUN,2013,0.29
Tunisia,TUN,2014,0.29
Tunisia,TUN,2015,0.29
Tunisia,TUN,2016,0.29
Tunisia,TUN,2017,0.29
Tunisia,TUN,2018,0.29
Tunisia,TUN,2019,0.29
Tunisia,TUN,2020,0.31
Turkey,TUR,2000,0.26
Turkey,TUR,2001,0.26
Turkey,TUR,2002,0.27
Turkey,TUR,2003,0.27
Turkey,TUR,2004,0.27
Turkey,TUR,2005,0.26
Turkey,TUR,2006,0.24
Turkey,TUR,2007,0.23
Turkey,TUR,2008,0.22
Turkey,TUR,2009,0.22
Turkey,TUR,2010,0.22
Turkey,TUR,2011,0.22
Turkey,TUR,2012,0.22
Turkey,TUR,2013,0.22
Turkey,TUR,2014,0.22
Turkey,TUR,2015,0.22
Turkey,TUR,2016,0.22
Turkey,TUR,2017,0.22
Turkey,TUR,2018,0.22
Turkey,TUR,2019,0.22
Turkey,TUR,2020,0.23
Turkmenistan,TKM,2000,0.23
Turkmenistan,TKM,2001,0.23
Turkmenistan,TKM,2002,0.23
Turkmenistan,TKM,2003,0.23
Turkmenistan,TKM,2004,0.23
Turkmenistan,TKM,2005,0.23
Turkmenistan,TKM,2006,0.23
Turkmenistan,TKM,2007,0.24
Turkmenistan,TKM,2008,0.24
Turkmenistan,TKM,2009,0.24
Turkmenistan,TKM,2010,0.24
Turkmenistan,TKM,2011,0.24
Turkmenistan,TKM,2012,0.24
Turkmenistan,TKM,2013,0.24
Turkmenistan,TKM,2014,0.24
Turkmenistan,TKM,2015,0.24
Turkmenistan,TKM,2016,0.24
Turkmenistan,TKM,2017,0.24
Turkmenistan,TKM,2018,0.24
Turkmenistan,TKM,2019,0.24
Turkmenistan,TKM,2020,0.24
Uganda,UGA,2000,0.32
Uganda,UGA,2001,0.32
Uganda,UGA,2002,0.32
Uganda,UGA,2003,0.32
Uganda,UGA,2004,0.32
Uganda,UGA,2005,0.32
Uganda,UGA,2006,0.32
Uganda,UGA,2007,0.32
Uganda,UGA,2008,0.31
Uganda,UGA,2009,0.31
Uganda,UGA,2010,0.3
Uganda,UGA,2011,0.3
Uganda,UGA,2012,0.3
Uganda,UGA,2013,0.3
Uganda,UGA,2014,0.3
Uganda,UGA,2015,0.3
Uganda,UGA,2016,0.3
Uganda,UGA,2017,0.3
Uganda,UGA,2018,0.3
Uganda,UGA,2019,0.31
Uganda,UGA,2020,0.32
Ukraine,UKR,2000,0.21
Ukraine,UKR,2001,0.21
Ukraine,UKR,2002,0.21
Ukraine,UKR,2003,0.21
Ukraine,UKR,2004,0.21
Ukraine,UKR,2005,0.21
Ukraine,UKR,2006,0.21
Ukraine,UKR,2007,0.21
Ukraine,UKR,2008,0.21
Ukraine,UKR,2009,0.21
Ukraine,UKR,2010,0.21
Ukraine,UKR,2011,0.21
Ukraine,UKR,2012,0.21
Ukraine,UKR,2013,0.21
Ukraine,UKR,2014,0.21
Ukraine,UKR,2015,0.21
Ukraine,UKR,2016,0.21
Ukraine,UKR,2017,0.21
Ukraine,UKR,2018,0.21
Ukraine,UKR,2019,0.21
Ukraine,UKR,2020,0.23
United Arab Emirates,ARE,2000,0.22
United Arab Emirates,ARE,2001,0.22
United Arab Emirates,ARE,2002,0.22
United Arab Emirates,ARE,2003,0.22
United Arab Emirates,ARE,2004,0.22
United Arab Emirates,ARE,2005,0.22
United Arab Emirates,ARE,2006,0.23
United Arab Emirates,ARE,2007,0.23
United Arab Emirates,ARE,2008,0.23
United Arab Emirates,ARE,2009,0.23
United Arab Emirates,ARE,2010,0.23
United Arab Emirates,ARE,2011,0.23
United Arab Emirates,ARE,2012,0.23
United Arab Emirates,ARE,2013,0.23
United Arab Emirates,ARE,2014,0.23
United Arab Emirates,ARE,2015,0.23
United Arab Emirates,ARE,2016,0.23
United Arab Emirates,ARE,2017,0.23
United Arab Emirates,ARE,2018,0.23
United Arab Emirates,ARE,2019,0.23
United Arab Emirates,ARE,2020,0.24
United Kingdom,GBR,2000,0.2
United Kingdom,GBR,2001,0.2
United Kingdom,GBR,2002,0.2
United Kingdom,GBR,2003,0.2
United Kingdom,GBR,2004,0.2
United Kingdom,GBR,2005,0.2
United Kingdom,GBR,2006,0.2
United Kingdom,GBR,2007,0.2
United Kingdom,GBR,2008,0.2
United Kingdom,GBR,2009,0.2
United Kingdom,GBR,2010,0.2
United Kingdom,GBR,2011,0.2
United Kingdom,GBR,2012,0.2
United Kingdom,GBR,2013,0.2
United Kingdom,GBR,2014,0.2
United Kingdom,GBR,2015,0.2
United Kingdom,GBR,2016,0.2
United Kingdom,GBR,2017,0.2
United Kingdom,GBR,2018,0.2
United Kingdom,GBR,2019,0.2
United Kingdom,GBR,2020,0.2
United States,USA,2000,0.17
United States,USA,2001,0.17
United States,USA,2002,0.17
United States,USA,2003,0.17
United States,USA,2004,0.17
United States,USA,2005,0.17
United States,USA,2006,0.17
United States,USA,2007,0.17
United States,USA,2008,0.17
United States,USA,2009,0.17
United States,USA,2010,0.17
United States,USA,2011,0.17
United States,USA,2012,0.17
United States,USA,2013,0.17
United States,USA,2014,0.17
United States,USA,2015,0.17
United States,USA,2016,0.17
United States,USA,2017,0.17
United States,USA,2018,0.17
United States,USA,2019,0.17
United States,USA,2020,0.17
Uruguay,URY,2000,0.21
Uruguay,URY,2001,0.21
Uruguay,URY,2002,0.21
Uruguay,URY,2003,0.21
Uruguay,URY,2004,0.21
Uruguay,URY,2005,0.21
Uruguay,URY,2006,0.21
Uruguay,URY,2007,0.21
Uruguay,URY,2008,0.21
Uruguay,URY,2009,0.21
Uruguay,URY,2010,0.21
Uruguay,URY,2011,0.21
Uruguay,URY,2012,0.21
Uruguay,URY,2013,0.21
Uruguay,URY,2014,0.21
Uruguay,URY,2015,0.21
Uruguay,URY,2016,0.21
Uruguay,URY,2017,0.21
Uruguay,URY,2018,0.21
Uruguay,URY,2019,0.21
Uruguay,URY,2020,0.22
Uzbekistan,UZB,2000,0.22
Uzbekistan,UZB,2001,0.22
Uzbekistan,UZB,2002,0.22
Uzbekistan,UZB,2003,0.23
Uzbekistan,UZB,2004,0.23
Uzbekistan,UZB,2005,0.23
Uzbekistan,UZB,2006,0.23
Uzbekistan,UZB,2007,0.22
Uzbekistan,UZB,2008,0.23
Uzbekistan,UZB,2009,0.23
Uzbekistan,UZB,2010,0.23
Uzbekistan,UZB,2011,0.23
Uzbekistan,UZB,2012,0.23
Uzbekistan,UZB,2013,0.23
Uzbekistan,UZB,2014,0.23
Uzbekistan,UZB,2015,0.23
Uzbekistan,UZB,2016,0.23
Uzbekistan,UZB,2017,0.23
Uzbekistan,UZB,2018,0.23
Uzbekistan,UZB,2019,0.23
Uzbekistan,UZB,2020,0.25
Vanuatu,VUT,2000,0.28
Vanuatu,VUT,2001,0.28
Vanuatu,VUT,2002,0.28
Vanuatu,VUT,2003,0.28
Vanuatu,VUT,2004,0.28
Vanuatu,VUT,2005,0.28
Vanuatu,VUT,2006,0.28
Vanuatu,VUT,2007,0.28
Vanuatu,VUT,2008,0.28
Vanuatu,VUT,2009,0.28
Vanuatu,VUT,2010,0.28
Vanuatu,VUT,2011,0.28
Vanuatu,VUT,2012,0.28
Vanuatu,VUT,2013,0.28
Vanuatu,VUT,2014,0.28
Vanuatu,VUT,2015,0.28
Vanuatu,VUT,2016,0.28
Vanuatu,VUT,2017,0.28
Vanuatu,VUT,2018,0.28
Vanuatu,VUT,2019,0.28
Vanuatu,VUT,2020,0.28
Venezuela,VEN,2000,0.23
Venezuela,VEN,2001,0.23
Venezuela,VEN,2002,0.22
Venezuela,VEN,2003,0.22
Venezuela,VEN,2004,0.21
Venezuela,VEN,2005,0.21
Venezuela,VEN,2006,0.21
Venezuela,VEN,2007,0.2
Venezuela,VEN,2008,0.2
Venezuela,VEN,2009,0.2
Venezuela,VEN,2010,0.2
Venezuela,VEN,2011,0.2
Venezuela,VEN,2012,0.2
Venezuela,VEN,2013,0.2
Venezuela,VEN,2014,0.2
Venezuela,VEN,2015,0.22
Venezuela,VEN,2016,0.22
Venezuela,VEN,2017,0.22
Venezuela,VEN,2018,0.22
Venezuela,VEN,2019,0.22
Venezuela,VEN,2020,0.24
Vietnam,VNM,2000,0.26
Vietnam,VNM,2001,0.26
Vietnam,VNM,2002,0.27
Vietnam,VNM,2003,0.27
Vietnam,VNM,2004,0.27
Vietnam,VNM,2005,0.28
Vietnam,VNM,2006,0.28
Vietnam,VNM,2007,0.28
Vietnam,VNM,2008,0.28
Vietnam,VNM,2009,0.29
Vietnam,VNM,2010,0.28
Vietnam,VNM,2011,0.28
Vietnam,VNM,2012,0.28
Vietnam,VNM,2013,0.28
Vietnam,VNM,2014,0.28
Vietnam,VNM,2015,0.28
Vietnam,VNM,2016,0.28
Vietnam,VNM,2017,0.28
Vietnam,VNM,2018,0.28
Vietnam,VNM,2019,0.28
Vietnam,VNM,2020,0.29
Yemen,YEM,2000,0.28
Yemen,YEM,2001,0.28
Yemen,YEM,2002,0.28
Yemen,YEM,2003,0.28
Yemen,YEM,2004,0.28
Yemen,YEM,2005,0.28
Yemen,YEM,2006,0.27
Yemen,YEM,2007,0.27
Yemen,YEM,2008,0.26
Yemen,YEM,2009,0.27
Yemen,YEM,2010,0.27
Yemen,YEM,2011,0.41
Yemen,YEM,2012,0.41
Yemen,YEM,2013,0.41
Yemen,YEM,2014,0.41
Yemen,YEM,2015,0.41
Yemen,YEM,2016,0.41
Yemen,YEM,2017,0.41
Yemen,YEM,2018,0.41
Yemen,YEM,2019,0.41
Yemen,YEM,2020,0.41
Zambia,ZMB,2000,0.35
Zambia,ZMB,2001,0.35
Zambia,ZMB,2002,0.35
Zambia,ZMB,2003,0.35
Zambia,ZMB,2004,0.35
Zambia,ZMB,2005,0.35
Zambia,ZMB,2006,0.35
Zambia,ZMB,2007,0.35
Zambia,ZMB,2008,0.35
Zambia,ZMB,2009,0.35
Zambia,ZMB,2010,0.35
Zambia,ZMB,2011,0.35
Zambia,ZMB,2012,0.35
Zambia,ZMB,2013,0.35
Zambia,ZMB,2014,0.35
Zambia,ZMB,2015,0.35
Zambia,ZMB,2016,0.35
Zambia,ZMB,2017,0.35
Zambia,ZMB,2018,0.35
Zambia,ZMB,2019,0.35
Zambia,ZMB,2020,0.36
Zimbabwe,ZWE,2000,0.31
Zimbabwe,ZWE,2001,0.31
Zimbabwe,ZWE,2002,0.31
Zimbabwe,ZWE,2003,0.31
Zimbabwe,ZWE,2004,0.31
Zimbabwe,ZWE,2005,0.31
Zimbabwe,ZWE,2006,0.31
Zimbabwe,ZWE,2007,0.31
Zimbabwe,ZWE,2008,0.31
Zimbabwe,ZWE,2009,0.31
Zimbabwe,ZWE,2010,0.31
Zimbabwe,ZWE,2011,0.31
Zimbabwe,ZWE,2012,0.31
Zimbabwe,ZWE,2013,0.31
Zimbabwe,ZWE,2014,0.31
Zimbabwe,ZWE,2015,0.31
Zimbabwe,ZWE,2016,0.32
Zimbabwe,ZWE,2017,0.32
Zimbabwe,ZWE,2018,0.32
Zimbabwe,ZWE,2019,0.31
Zimbabwe,ZWE,2020,0.31