Entity,Code,Year,"Youth literacy rate, population 15-24 years, female (%)"
Afghanistan,AFG,1979,11.1428003311157
Afghanistan,AFG,2011,32.11322
Albania,ALB,2001,99.49808
Albania,ALB,2008,99.12132
Albania,ALB,2011,98.85624
Albania,ALB,2012,99.02019
Algeria,DZA,1987,62.2114791870117
Algeria,DZA,2002,86.13399
Algeria,DZA,2006,89.13824
Algeria,DZA,2008,91.73993
American Samoa,ASM,1980,97.4436492919922
Andorra,AND,2015,100
Andorra,AND,2016,100
Angola,AGO,2001,63.18212
Angola,AGO,2014,70.58513
Arab World,,1985,63.4230766296387
Arab World,,1986,63.4230766296387
Arab World,,1987,63.4230766296387
Arab World,,1988,63.4230766296387
Arab World,,1989,63.4230766296387
Arab World,,1990,63.4230766296387
Arab World,,1991,63.4230766296387
Arab World,,1992,63.4230766296387
Arab World,,1993,63.4230766296387
Arab World,,1994,63.4230766296387
Arab World,,1995,75.7459716796875
Arab World,,1996,75.7459716796875
Arab World,,1997,75.7459716796875
Arab World,,1998,75.7459716796875
Arab World,,1999,75.7459716796875
Arab World,,2000,75.7459716796875
Arab World,,2001,75.7459716796875
Arab World,,2002,75.7459716796875
Arab World,,2003,75.7459716796875
Arab World,,2004,75.7459716796875
Arab World,,2005,86.2646026611328
Arab World,,2006,86.2646026611328
Arab World,,2007,86.2646026611328
Arab World,,2008,86.2646026611328
Arab World,,2009,86.2646026611328
Arab World,,2010,86.2646026611328
Arab World,,2011,86.2646026611328
Arab World,,2012,86.2646026611328
Arab World,,2013,86.2646026611328
Arab World,,2014,86.2646026611328
Argentina,ARG,1980,97.30248260498051
Argentina,ARG,1991,98.5402069091797
Argentina,ARG,2001,99.12767
Argentina,ARG,2015,99.48
Armenia,ARM,1989,99.9105682373047
Armenia,ARM,2001,99.86166999999999
Armenia,ARM,2011,99.87619000000001
Aruba,ABW,2000,99.16637
Aruba,ABW,2010,99.3231
Azerbaijan,AZE,1999,99.90149
Azerbaijan,AZE,2007,100
Azerbaijan,AZE,2009,99.94579
Azerbaijan,AZE,2010,99.93333
Azerbaijan,AZE,2011,99.93176
Azerbaijan,AZE,2012,99.91767
Azerbaijan,AZE,2013,99.9267
Azerbaijan,AZE,2014,99.93638
Azerbaijan,AZE,2015,99.92011
Azerbaijan,AZE,2016,99.91648
Bahrain,BHR,1981,82.0774230957031
Bahrain,BHR,1991,96.5787734985352
Bahrain,BHR,2001,97.25061
Bahrain,BHR,2010,97.58234
Bangladesh,BGD,1981,27.151010513305696
Bangladesh,BGD,1991,37.9897499084473
Bangladesh,BGD,2001,60.25623
Bangladesh,BGD,2007,67.48857
Bangladesh,BGD,2011,72.65009
Bangladesh,BGD,2016,93.53532
Barbados,BRB,1970,99.8000030517578
Belarus,BLR,1989,99.800537109375
Belarus,BLR,1999,99.82821
Belarus,BLR,2009,99.84739
Belize,BLZ,1991,79.8089294433594
Benin,BEN,1979,18.2551803588867
Benin,BEN,1992,26.6902904510498
Benin,BEN,2002,33.238
Benin,BEN,2006,30.78655
Benin,BEN,2012,40.93838
Bhutan,BTN,2005,67.96426
Bhutan,BTN,2012,84.48774
Bolivia,BOL,1976,75.8401412963867
Bolivia,BOL,1992,91.56597900390629
Bolivia,BOL,2001,96.11462
Bolivia,BOL,2007,99.14458
Bolivia,BOL,2008,98.87941
Bolivia,BOL,2009,99.0843
Bolivia,BOL,2011,98.77202
Bolivia,BOL,2012,98.82861
Bolivia,BOL,2015,99.40420999999999
Bosnia and Herzegovina,BIH,2000,99.84363
Bosnia and Herzegovina,BIH,2011,99.15044
Bosnia and Herzegovina,BIH,2013,99.66747
Botswana,BWA,1991,92.2518768310547
Botswana,BWA,2003,95.59602
Brazil,BRA,1980,85.2365493774414
Brazil,BRA,2000,95.71902
Brazil,BRA,2004,97.90386
Brazil,BRA,2006,98.36166
Brazil,BRA,2007,98.55943
Brazil,BRA,2008,98.53111
Brazil,BRA,2009,98.69204
Brazil,BRA,2010,98.31874
Brazil,BRA,2011,99.07315
Brazil,BRA,2012,99.02082
Brazil,BRA,2013,99.22972
Brazil,BRA,2014,99.25031
Brunei,BRN,1981,93.23892211914058
Brunei,BRN,1991,98.0837936401367
Brunei,BRN,2001,98.91216999999999
Brunei,BRN,2011,99.54606
Bulgaria,BGR,2001,98.10977
Bulgaria,BGR,2011,97.65106
Burkina Faso,BFA,1975,6.66406011581421
Burkina Faso,BFA,1991,14.1737499237061
Burkina Faso,BFA,1996,13.985340118408198
Burkina Faso,BFA,2003,24.81137
Burkina Faso,BFA,2005,26.4829
Burkina Faso,BFA,2006,26.53412
Burkina Faso,BFA,2007,33.12532
Burkina Faso,BFA,2014,43.98583
Burundi,BDI,1979,21.4868602752686
Burundi,BDI,1990,48.011260986328104
Burundi,BDI,2000,70.3653
Burundi,BDI,2008,57.32103000000001
Burundi,BDI,2014,74.95891
Cambodia,KHM,1998,71.0715866088867
Cambodia,KHM,2004,78.896
Cambodia,KHM,2008,85.53457
Cambodia,KHM,2009,85.86868
Cameroon,CMR,1976,59.0631790161133
Cameroon,CMR,2000,77.96249
Cameroon,CMR,2007,77.48205
Cameroon,CMR,2010,76.42093
Cape Verde,CPV,1990,86.4150924682617
Cape Verde,CPV,2012,98.39818000000001
Cape Verde,CPV,2015,98.73018
Cayman Islands,CYM,2007,98.62333000000001
Central African Republic,CAF,1988,34.851749420166
Central African Republic,CAF,2000,49.01935
Central African Republic,CAF,2010,26.97133
Chad,TCD,1993,8.94583988189697
Chad,TCD,2000,23.2354
Chad,TCD,2004,30.77491
Chad,TCD,2015,25.99362
Chad,TCD,2016,22.38715
Chile,CHL,1982,97.1165313720703
Chile,CHL,1992,98.7008590698242
Chile,CHL,2002,99.18334
Chile,CHL,2008,99.19581
Chile,CHL,2009,98.89001999999999
Chile,CHL,2011,99.60537
Chile,CHL,2013,99.08694
China,CHN,1982,82.0992202758789
China,CHN,1990,91.4546966552734
China,CHN,2000,98.50486
China,CHN,2010,99.59304
Colombia,COL,1993,96.2814407348633
Colombia,COL,1996,97.56674194335942
Colombia,COL,2004,98.41068
Colombia,COL,2005,98.37487
Colombia,COL,2006,98.19491
Colombia,COL,2007,98.419
Colombia,COL,2008,98.42687
Colombia,COL,2009,98.43472
Colombia,COL,2010,98.5172
Colombia,COL,2011,98.72434
Colombia,COL,2014,98.97285
Colombia,COL,2015,98.91534
Comoros,COM,1980,54.899040222168
Comoros,COM,2000,77.55762
Comoros,COM,2012,69.59522
Congo,COG,2011,76.94608000000001
Costa Rica,CRI,1984,97.5381317138672
Costa Rica,CRI,2000,98.03841
Costa Rica,CRI,2011,99.25811999999999
Cote d'Ivoire,CIV,1988,37.845939636230504
Cote d'Ivoire,CIV,1998,39.849090576171896
Cote d'Ivoire,CIV,2000,52.125170000000004
Cote d'Ivoire,CIV,2012,38.75008
Cote d'Ivoire,CIV,2014,47.03975
Croatia,HRV,1991,99.60440063476558
Croatia,HRV,2001,99.65321
Croatia,HRV,2011,99.73572
Cuba,CUB,2002,99.95369000000001
Cuba,CUB,2012,99.8952
Cyprus,CYP,1992,99.6641998291016
Cyprus,CYP,2001,99.81524
Cyprus,CYP,2011,99.83830999999999
Democratic Republic of Congo,COD,2001,63.0907
Democratic Republic of Congo,COD,2007,53.25022
Democratic Republic of Congo,COD,2012,76.6585
Democratic Republic of Congo,COD,2016,79.71484
Dominican Republic,DOM,1981,83.9385299682617
Dominican Republic,DOM,2002,95.41705
Dominican Republic,DOM,2007,96.93073000000001
Dominican Republic,DOM,2010,97.88349000000001
Dominican Republic,DOM,2011,98.05375
Dominican Republic,DOM,2012,97.76923000000001
Dominican Republic,DOM,2013,98.25251999999999
Dominican Republic,DOM,2014,98.04481
Dominican Republic,DOM,2015,98.03096
East Asia and Pacific,,1985,91.72460174560551
East Asia and Pacific,,1986,91.72460174560551
East Asia and Pacific,,1987,91.72460174560551
East Asia and Pacific,,1988,91.72460174560551
East Asia and Pacific,,1989,91.72460174560551
East Asia and Pacific,,1990,91.72460174560551
East Asia and Pacific,,1991,91.72460174560551
East Asia and Pacific,,1992,91.72460174560551
East Asia and Pacific,,1993,91.72460174560551
East Asia and Pacific,,1994,91.72460174560551
East Asia and Pacific,,1995,97.69947052001949
East Asia and Pacific,,1996,97.69947052001949
East Asia and Pacific,,1997,97.69947052001949
East Asia and Pacific,,1998,97.69947052001949
East Asia and Pacific,,1999,97.69947052001949
East Asia and Pacific,,2000,97.69947052001949
East Asia and Pacific,,2001,97.69947052001949
East Asia and Pacific,,2002,97.69947052001949
East Asia and Pacific,,2003,97.69947052001949
East Asia and Pacific,,2004,97.69947052001949
East Asia and Pacific,,2005,98.94603729248051
East Asia and Pacific,,2006,98.94603729248051
East Asia and Pacific,,2007,98.94603729248051
East Asia and Pacific,,2008,98.94603729248051
East Asia and Pacific,,2009,98.94603729248051
East Asia and Pacific,,2010,98.94603729248051
East Asia and Pacific,,2011,98.94603729248051
East Asia and Pacific,,2012,98.94603729248051
East Asia and Pacific,,2013,98.94603729248051
East Asia and Pacific,,2014,98.94603729248051
East Asia and Pacific (excluding high-income countries),,1985,91.0250244140625
East Asia and Pacific (excluding high-income countries),,1986,91.0250244140625
East Asia and Pacific (excluding high-income countries),,1987,91.0250244140625
East Asia and Pacific (excluding high-income countries),,1988,91.0250244140625
East Asia and Pacific (excluding high-income countries),,1989,91.0250244140625
East Asia and Pacific (excluding high-income countries),,1990,91.0250244140625
East Asia and Pacific (excluding high-income countries),,1991,91.0250244140625
East Asia and Pacific (excluding high-income countries),,1992,91.0250244140625
East Asia and Pacific (excluding high-income countries),,1993,91.0250244140625
East Asia and Pacific (excluding high-income countries),,1994,91.0250244140625
East Asia and Pacific (excluding high-income countries),,1995,97.5534286499023
East Asia and Pacific (excluding high-income countries),,1996,97.5534286499023
East Asia and Pacific (excluding high-income countries),,1997,97.5534286499023
East Asia and Pacific (excluding high-income countries),,1998,97.5534286499023
East Asia and Pacific (excluding high-income countries),,1999,97.5534286499023
East Asia and Pacific (excluding high-income countries),,2000,97.5534286499023
East Asia and Pacific (excluding high-income countries),,2001,97.5534286499023
East Asia and Pacific (excluding high-income countries),,2002,97.5534286499023
East Asia and Pacific (excluding high-income countries),,2003,97.5534286499023
East Asia and Pacific (excluding high-income countries),,2004,97.5534286499023
East Asia and Pacific (excluding high-income countries),,2005,98.9101943969727
East Asia and Pacific (excluding high-income countries),,2006,98.9101943969727
East Asia and Pacific (excluding high-income countries),,2007,98.9101943969727
East Asia and Pacific (excluding high-income countries),,2008,98.9101943969727
East Asia and Pacific (excluding high-income countries),,2009,98.9101943969727
East Asia and Pacific (excluding high-income countries),,2010,98.9101943969727
East Asia and Pacific (excluding high-income countries),,2011,98.9101943969727
East Asia and Pacific (excluding high-income countries),,2012,98.9101943969727
East Asia and Pacific (excluding high-income countries),,2013,98.9101943969727
East Asia and Pacific (excluding high-income countries),,2014,98.9101943969727
Ecuador,ECU,1982,92.2789306640625
Ecuador,ECU,1990,95.833251953125
Ecuador,ECU,2001,96.49345
Ecuador,ECU,2007,95.62893000000001
Ecuador,ECU,2009,96.84546
Ecuador,ECU,2010,98.8541
Ecuador,ECU,2011,98.80532
Ecuador,ECU,2012,98.89454
Ecuador,ECU,2013,98.63248
Ecuador,ECU,2014,99.18693
Ecuador,ECU,2015,98.91229
Ecuador,ECU,2016,99.13691999999999
Egypt,EGY,1976,38.1226387023926
Egypt,EGY,1986,54.0046615600586
Egypt,EGY,1996,66.931541442871
Egypt,EGY,2005,78.94999
Egypt,EGY,2006,81.75145
Egypt,EGY,2010,84.30693000000001
Egypt,EGY,2012,86.05159
Egypt,EGY,2013,90.3254
El Salvador,SLV,1992,84.94789123535159
El Salvador,SLV,2006,95.45334
El Salvador,SLV,2007,93.88949000000001
El Salvador,SLV,2008,96.48331
El Salvador,SLV,2009,95.32356
El Salvador,SLV,2010,96.38574
El Salvador,SLV,2011,96.94589
El Salvador,SLV,2013,97.50019
El Salvador,SLV,2015,98.43374
Equatorial Guinea,GNQ,2000,96.62424
Eritrea,ERI,2002,69.4834
Eritrea,ERI,2008,82.57652
Estonia,EST,1989,99.9045028686523
Estonia,EST,2000,99.81336
Estonia,EST,2011,99.95904
Eswatini,SWZ,1976,74.9796600341797
Eswatini,SWZ,1986,84.2975997924805
Eswatini,SWZ,2000,92.94364
Eswatini,SWZ,2010,94.74849
Ethiopia,ETH,1994,28.0801696777344
Ethiopia,ETH,2004,38.5
Ethiopia,ETH,2005,33.29975
Ethiopia,ETH,2007,47.041129999999995
Europe and Central Asia,,1985,98.7537460327148
Europe and Central Asia,,1986,98.7537460327148
Europe and Central Asia,,1987,98.7537460327148
Europe and Central Asia,,1988,98.7537460327148
Europe and Central Asia,,1989,98.7537460327148
Europe and Central Asia,,1990,98.7537460327148
Europe and Central Asia,,1991,98.7537460327148
Europe and Central Asia,,1992,98.7537460327148
Europe and Central Asia,,1993,98.7537460327148
Europe and Central Asia,,1994,98.7537460327148
Europe and Central Asia,,1995,99.05450439453129
Europe and Central Asia,,1996,99.05450439453129
Europe and Central Asia,,1997,99.05450439453129
Europe and Central Asia,,1998,99.05450439453129
Europe and Central Asia,,1999,99.05450439453129
Europe and Central Asia,,2000,99.05450439453129
Europe and Central Asia,,2001,99.05450439453129
Europe and Central Asia,,2002,99.05450439453129
Europe and Central Asia,,2003,99.05450439453129
Europe and Central Asia,,2004,99.05450439453129
Europe and Central Asia,,2005,99.6778335571289
Europe and Central Asia,,2006,99.6778335571289
Europe and Central Asia,,2007,99.6778335571289
Europe and Central Asia,,2008,99.6778335571289
Europe and Central Asia,,2009,99.6778335571289
Europe and Central Asia,,2010,99.6778335571289
Europe and Central Asia,,2011,99.6778335571289
Europe and Central Asia,,2012,99.6778335571289
Europe and Central Asia,,2013,99.6778335571289
Europe and Central Asia,,2014,99.6778335571289
Europe and Central Asia (excluding high-income countries),,1985,97.66122436523442
Europe and Central Asia (excluding high-income countries),,1986,97.66122436523442
Europe and Central Asia (excluding high-income countries),,1987,97.66122436523442
Europe and Central Asia (excluding high-income countries),,1988,97.66122436523442
Europe and Central Asia (excluding high-income countries),,1989,97.66122436523442
Europe and Central Asia (excluding high-income countries),,1990,97.66122436523442
Europe and Central Asia (excluding high-income countries),,1991,97.66122436523442
Europe and Central Asia (excluding high-income countries),,1992,97.66122436523442
Europe and Central Asia (excluding high-income countries),,1993,97.66122436523442
Europe and Central Asia (excluding high-income countries),,1994,97.66122436523442
Europe and Central Asia (excluding high-income countries),,1995,98.41150665283199
Europe and Central Asia (excluding high-income countries),,1996,98.41150665283199
Europe and Central Asia (excluding high-income countries),,1997,98.41150665283199
Europe and Central Asia (excluding high-income countries),,1998,98.41150665283199
Europe and Central Asia (excluding high-income countries),,1999,98.41150665283199
Europe and Central Asia (excluding high-income countries),,2000,98.41150665283199
Europe and Central Asia (excluding high-income countries),,2001,98.41150665283199
Europe and Central Asia (excluding high-income countries),,2002,98.41150665283199
Europe and Central Asia (excluding high-income countries),,2003,98.41150665283199
Europe and Central Asia (excluding high-income countries),,2004,98.41150665283199
Europe and Central Asia (excluding high-income countries),,2005,99.55990600585942
Europe and Central Asia (excluding high-income countries),,2006,99.55990600585942
Europe and Central Asia (excluding high-income countries),,2007,99.55990600585942
Europe and Central Asia (excluding high-income countries),,2008,99.55990600585942
Europe and Central Asia (excluding high-income countries),,2009,99.55990600585942
Europe and Central Asia (excluding high-income countries),,2010,99.55990600585942
Europe and Central Asia (excluding high-income countries),,2011,99.55990600585942
Europe and Central Asia (excluding high-income countries),,2012,99.55990600585942
Europe and Central Asia (excluding high-income countries),,2013,99.55990600585942
Europe and Central Asia (excluding high-income countries),,2014,99.55990600585942
Gabon,GAB,1993,92.11402130126949
Gabon,GAB,2012,89.42925
Gambia,GMB,2000,41.39434
Gambia,GMB,2013,56.12098
Georgia,GEO,2002,99.86236
Georgia,GEO,2014,99.72914
Ghana,GHA,2000,65.48871
Ghana,GHA,2010,83.23453
Greece,GRC,1981,98.8844528198242
Greece,GRC,1991,98.97937774658199
Greece,GRC,2001,98.99116
Greece,GRC,2005,99.5248
Greece,GRC,2007,99.67996
Greece,GRC,2009,99.46973
Greece,GRC,2011,98.81535
Greenland,GRL,2015,100
Grenada,GRD,1970,99.07742309570308
Guam,GUM,1980,95.90540313720699
Guam,GUM,1990,99.8476181030273
Guatemala,GTM,1994,70.7215118408203
Guatemala,GTM,2002,78.39068
Guatemala,GTM,2012,91.94237
Guatemala,GTM,2013,89.77037
Guatemala,GTM,2014,93.26925
Guinea,GIN,1996,13.4728002548218
Guinea,GIN,2003,34.06904
Guinea,GIN,2010,21.79673
Guinea,GIN,2014,37.21018
Guinea-Bissau,GNB,1979,17.8034706115723
Guinea-Bissau,GNB,2000,45.90365
Guinea-Bissau,GNB,2014,49.75632
Guyana,GUY,2009,93.67022
Guyana,GUY,2014,97.03701
Haiti,HTI,1982,51.0530204772949
Haiti,HTI,2003,80.68945
Haiti,HTI,2006,70.48078000000001
Heavily-indebted poor countries,,1985,49.1968002319336
Heavily-indebted poor countries,,1986,49.1968002319336
Heavily-indebted poor countries,,1987,49.1968002319336
Heavily-indebted poor countries,,1988,49.1968002319336
Heavily-indebted poor countries,,1989,49.1968002319336
Heavily-indebted poor countries,,1990,49.1968002319336
Heavily-indebted poor countries,,1991,49.1968002319336
Heavily-indebted poor countries,,1992,49.1968002319336
Heavily-indebted poor countries,,1993,49.1968002319336
Heavily-indebted poor countries,,1994,49.1968002319336
Heavily-indebted poor countries,,1995,55.7223930358887
Heavily-indebted poor countries,,1996,55.7223930358887
Heavily-indebted poor countries,,1997,55.7223930358887
Heavily-indebted poor countries,,1998,55.7223930358887
Heavily-indebted poor countries,,1999,55.7223930358887
Heavily-indebted poor countries,,2000,55.7223930358887
Heavily-indebted poor countries,,2001,55.7223930358887
Heavily-indebted poor countries,,2002,55.7223930358887
Heavily-indebted poor countries,,2003,55.7223930358887
Heavily-indebted poor countries,,2004,55.7223930358887
Heavily-indebted poor countries,,2005,63.7256927490234
Heavily-indebted poor countries,,2006,63.7256927490234
Heavily-indebted poor countries,,2007,63.7256927490234
Heavily-indebted poor countries,,2008,63.7256927490234
Heavily-indebted poor countries,,2009,63.7256927490234
Heavily-indebted poor countries,,2010,63.7256927490234
Heavily-indebted poor countries,,2011,63.7256927490234
Heavily-indebted poor countries,,2012,63.7256927490234
Heavily-indebted poor countries,,2013,63.7256927490234
Heavily-indebted poor countries,,2014,63.7256927490234
Honduras,HND,2001,90.91032
Honduras,HND,2007,95.05453
Honduras,HND,2010,95.8775
Honduras,HND,2011,96.92600999999999
Honduras,HND,2012,95.98721
Honduras,HND,2013,96.29856
Honduras,HND,2014,96.29226
Honduras,HND,2015,96.99961
Honduras,HND,2016,97.24561
Hungary,HUN,1980,99.31812286376949
Hungary,HUN,1994,99.1821136474609
India,IND,1981,40.3215217590332
India,IND,1991,49.3491897583008
India,IND,2001,67.74658000000001
India,IND,2006,74.35573000000001
India,IND,2011,81.84980999999999
Indonesia,IDN,1980,81.6483993530273
Indonesia,IDN,1990,95.0692520141602
Indonesia,IDN,2004,98.54216
Indonesia,IDN,2006,96.27235999999999
Indonesia,IDN,2008,99.38241
Indonesia,IDN,2009,99.39659
Indonesia,IDN,2011,98.7518
Indonesia,IDN,2014,99.67883
Indonesia,IDN,2015,99.63701999999999
Indonesia,IDN,2016,99.65351
Iran,IRN,1976,42.3278007507324
Iran,IRN,1986,65.5926666259766
Iran,IRN,1991,81.2009963989258
Iran,IRN,1996,90.55661010742192
Iran,IRN,2005,96.73755
Iran,IRN,2006,96.13215
Iran,IRN,2008,97.46597
Iran,IRN,2012,97.66179
Iran,IRN,2013,97.43798000000001
Iran,IRN,2014,97.67817
Iraq,IRQ,2000,80.48683
Iraq,IRQ,2013,48.63865
Israel,ISR,1983,98.04602813720699
Italy,ITA,1981,99.5874862670898
Italy,ITA,2001,99.82011
Italy,ITA,2011,99.8687
Jamaica,JAM,1999,96.29552
Jordan,JOR,1979,84.8327865600585
Jordan,JOR,2003,98.91331
Jordan,JOR,2005,99.02348
Jordan,JOR,2007,98.94657
Jordan,JOR,2010,98.76635
Jordan,JOR,2011,99.25322
Jordan,JOR,2012,99.20273
Kazakhstan,KAZ,1989,99.7549896240234
Kazakhstan,KAZ,1999,99.8747
Kazakhstan,KAZ,2009,99.86511
Kazakhstan,KAZ,2010,99.85091
Kenya,KEN,2000,91.94255
Kenya,KEN,2007,81.63257
Kenya,KEN,2014,86.13651999999999
Kuwait,KWT,1975,66.01071929931639
Kuwait,KWT,1980,76.0303573608398
Kuwait,KWT,1985,84.0936965942383
Kuwait,KWT,1995,90.18480682373051
Kuwait,KWT,2005,99.78759000000001
Kuwait,KWT,2006,98.49927
Kuwait,KWT,2007,98.50779
Kuwait,KWT,2008,98.73937
Kuwait,KWT,2010,98.71821
Kuwait,KWT,2012,98.83530999999999
Kuwait,KWT,2013,99.04066999999999
Kuwait,KWT,2015,99.40085
Kyrgyzstan,KGZ,1999,99.74129
Kyrgyzstan,KGZ,2009,99.79959000000001
Laos,LAO,1995,64.05435180664061
Laos,LAO,2000,73.56058
Laos,LAO,2001,74.68243000000001
Laos,LAO,2005,78.73984
Laos,LAO,2011,67.05378
Latin America and the Caribbean,,1985,94.1573638916016
Latin America and the Caribbean,,1986,94.1573638916016
Latin America and the Caribbean,,1987,94.1573638916016
Latin America and the Caribbean,,1988,94.1573638916016
Latin America and the Caribbean,,1989,94.1573638916016
Latin America and the Caribbean,,1990,94.1573638916016
Latin America and the Caribbean,,1991,94.1573638916016
Latin America and the Caribbean,,1992,94.1573638916016
Latin America and the Caribbean,,1993,94.1573638916016
Latin America and the Caribbean,,1994,94.1573638916016
Latin America and the Caribbean,,1995,96.6695938110352
Latin America and the Caribbean,,1996,96.6695938110352
Latin America and the Caribbean,,1997,96.6695938110352
Latin America and the Caribbean,,1998,96.6695938110352
Latin America and the Caribbean,,1999,96.6695938110352
Latin America and the Caribbean,,2000,96.6695938110352
Latin America and the Caribbean,,2001,96.6695938110352
Latin America and the Caribbean,,2002,96.6695938110352
Latin America and the Caribbean,,2003,96.6695938110352
Latin America and the Caribbean,,2004,96.6695938110352
Latin America and the Caribbean,,2005,98.13143920898442
Latin America and the Caribbean,,2006,98.13143920898442
Latin America and the Caribbean,,2007,98.13143920898442
Latin America and the Caribbean,,2008,98.13143920898442
Latin America and the Caribbean,,2009,98.13143920898442
Latin America and the Caribbean,,2010,98.13143920898442
Latin America and the Caribbean,,2011,98.13143920898442
Latin America and the Caribbean,,2012,98.13143920898442
Latin America and the Caribbean,,2013,98.13143920898442
Latin America and the Caribbean,,2014,98.13143920898442
Latin America and the Caribbean (excluding high-income countries),,1985,93.9834671020508
Latin America and the Caribbean (excluding high-income countries),,1986,93.9834671020508
Latin America and the Caribbean (excluding high-income countries),,1987,93.9834671020508
Latin America and the Caribbean (excluding high-income countries),,1988,93.9834671020508
Latin America and the Caribbean (excluding high-income countries),,1989,93.9834671020508
Latin America and the Caribbean (excluding high-income countries),,1990,93.9834671020508
Latin America and the Caribbean (excluding high-income countries),,1991,93.9834671020508
Latin America and the Caribbean (excluding high-income countries),,1992,93.9834671020508
Latin America and the Caribbean (excluding high-income countries),,1993,93.9834671020508
Latin America and the Caribbean (excluding high-income countries),,1994,93.9834671020508
Latin America and the Caribbean (excluding high-income countries),,1995,96.6273193359375
Latin America and the Caribbean (excluding high-income countries),,1996,96.6273193359375
Latin America and the Caribbean (excluding high-income countries),,1997,96.6273193359375
Latin America and the Caribbean (excluding high-income countries),,1998,96.6273193359375
Latin America and the Caribbean (excluding high-income countries),,1999,96.6273193359375
Latin America and the Caribbean (excluding high-income countries),,2000,96.6273193359375
Latin America and the Caribbean (excluding high-income countries),,2001,96.6273193359375
Latin America and the Caribbean (excluding high-income countries),,2002,96.6273193359375
Latin America and the Caribbean (excluding high-income countries),,2003,96.6273193359375
Latin America and the Caribbean (excluding high-income countries),,2004,96.6273193359375
Latin America and the Caribbean (excluding high-income countries),,2005,98.09368896484379
Latin America and the Caribbean (excluding high-income countries),,2006,98.09368896484379
Latin America and the Caribbean (excluding high-income countries),,2007,98.09368896484379
Latin America and the Caribbean (excluding high-income countries),,2008,98.09368896484379
Latin America and the Caribbean (excluding high-income countries),,2009,98.09368896484379
Latin America and the Caribbean (excluding high-income countries),,2010,98.09368896484379
Latin America and the Caribbean (excluding high-income countries),,2011,98.09368896484379
Latin America and the Caribbean (excluding high-income countries),,2012,98.09368896484379
Latin America and the Caribbean (excluding high-income countries),,2013,98.09368896484379
Latin America and the Caribbean (excluding high-income countries),,2014,98.09368896484379
Latvia,LVA,1989,99.8209228515625
Latvia,LVA,2000,99.78331
Latvia,LVA,2011,99.87011
Least-developed countries,,1985,48.2068557739258
Least-developed countries,,1986,48.2068557739258
Least-developed countries,,1987,48.2068557739258
Least-developed countries,,1988,48.2068557739258
Least-developed countries,,1989,48.2068557739258
Least-developed countries,,1990,48.2068557739258
Least-developed countries,,1991,48.2068557739258
Least-developed countries,,1992,48.2068557739258
Least-developed countries,,1993,48.2068557739258
Least-developed countries,,1994,48.2068557739258
Least-developed countries,,1995,58.4480781555176
Least-developed countries,,1996,58.4480781555176
Least-developed countries,,1997,58.4480781555176
Least-developed countries,,1998,58.4480781555176
Least-developed countries,,1999,58.4480781555176
Least-developed countries,,2000,58.4480781555176
Least-developed countries,,2001,58.4480781555176
Least-developed countries,,2002,58.4480781555176
Least-developed countries,,2003,58.4480781555176
Least-developed countries,,2004,58.4480781555176
Least-developed countries,,2005,69.5211563110352
Least-developed countries,,2006,69.5211563110352
Least-developed countries,,2007,69.5211563110352
Least-developed countries,,2008,69.5211563110352
Least-developed countries,,2009,69.5211563110352
Least-developed countries,,2010,69.5211563110352
Least-developed countries,,2011,69.5211563110352
Least-developed countries,,2012,69.5211563110352
Least-developed countries,,2013,69.5211563110352
Least-developed countries,,2014,69.5211563110352
Lebanon,LBN,2007,99.0823
Lebanon,LBN,2009,99.33674
Lesotho,LSO,2000,97.49609
Lesotho,LSO,2009,92.09389
Lesotho,LSO,2014,93.96988
Liberia,LBR,1984,33.7245597839355
Liberia,LBR,1994,54.189300537109396
Liberia,LBR,2007,37.17031
Libya,LBY,1984,80.3106002807617
Libya,LBY,1994,96.2951431274414
Lithuania,LTU,1989,99.7084732055664
Lithuania,LTU,2001,99.74238000000001
Lithuania,LTU,2011,99.86662
Low and middle-income countries,,1985,75.3292770385742
Low and middle-income countries,,1986,75.3292770385742
Low and middle-income countries,,1987,75.3292770385742
Low and middle-income countries,,1988,75.3292770385742
Low and middle-income countries,,1989,75.3292770385742
Low and middle-income countries,,1990,75.3292770385742
Low and middle-income countries,,1991,75.3292770385742
Low and middle-income countries,,1992,75.3292770385742
Low and middle-income countries,,1993,75.3292770385742
Low and middle-income countries,,1994,75.3292770385742
Low and middle-income countries,,1995,81.6567001342773
Low and middle-income countries,,1996,81.6567001342773
Low and middle-income countries,,1997,81.6567001342773
Low and middle-income countries,,1998,81.6567001342773
Low and middle-income countries,,1999,81.6567001342773
Low and middle-income countries,,2000,81.6567001342773
Low and middle-income countries,,2001,81.6567001342773
Low and middle-income countries,,2002,81.6567001342773
Low and middle-income countries,,2003,81.6567001342773
Low and middle-income countries,,2004,81.6567001342773
Low and middle-income countries,,2005,87.17005157470699
Low and middle-income countries,,2006,87.17005157470699
Low and middle-income countries,,2007,87.17005157470699
Low and middle-income countries,,2008,87.17005157470699
Low and middle-income countries,,2009,87.17005157470699
Low and middle-income countries,,2010,87.17005157470699
Low and middle-income countries,,2011,87.17005157470699
Low and middle-income countries,,2012,87.17005157470699
Low and middle-income countries,,2013,87.17005157470699
Low and middle-income countries,,2014,87.17005157470699
Low-income countries,,1985,47.5492286682129
Low-income countries,,1986,47.5492286682129
Low-income countries,,1987,47.5492286682129
Low-income countries,,1988,47.5492286682129
Low-income countries,,1989,47.5492286682129
Low-income countries,,1990,47.5492286682129
Low-income countries,,1991,47.5492286682129
Low-income countries,,1992,47.5492286682129
Low-income countries,,1993,47.5492286682129
Low-income countries,,1994,47.5492286682129
Low-income countries,,1995,54.402416229248
Low-income countries,,1996,54.402416229248
Low-income countries,,1997,54.402416229248
Low-income countries,,1998,54.402416229248
Low-income countries,,1999,54.402416229248
Low-income countries,,2000,54.40242004394529
Low-income countries,,2001,54.402416229248
Low-income countries,,2002,54.402416229248
Low-income countries,,2003,54.402416229248
Low-income countries,,2004,54.402416229248
Low-income countries,,2005,62.045249938964794
Low-income countries,,2006,62.045249938964794
Low-income countries,,2007,62.045249938964794
Low-income countries,,2008,62.045249938964794
Low-income countries,,2009,62.045249938964794
Low-income countries,,2010,62.045249938964794
Low-income countries,,2011,62.045249938964794
Low-income countries,,2012,62.045249938964794
Low-income countries,,2013,62.045249938964794
Low-income countries,,2014,62.045249938964794
Lower-middle-income countries,,1985,62.183849334716705
Lower-middle-income countries,,1986,62.183849334716705
Lower-middle-income countries,,1987,62.183849334716705
Lower-middle-income countries,,1988,62.183849334716705
Lower-middle-income countries,,1989,62.183849334716705
Lower-middle-income countries,,1990,62.183849334716705
Lower-middle-income countries,,1991,62.183849334716705
Lower-middle-income countries,,1992,62.183849334716705
Lower-middle-income countries,,1993,62.183849334716705
Lower-middle-income countries,,1994,62.183849334716705
Lower-middle-income countries,,1995,73.3337326049805
Lower-middle-income countries,,1996,73.3337326049805
Lower-middle-income countries,,1997,73.3337326049805
Lower-middle-income countries,,1998,73.3337326049805
Lower-middle-income countries,,1999,73.3337326049805
Lower-middle-income countries,,2000,73.3337326049805
Lower-middle-income countries,,2001,73.3337326049805
Lower-middle-income countries,,2002,73.3337326049805
Lower-middle-income countries,,2003,73.3337326049805
Lower-middle-income countries,,2004,73.3337326049805
Lower-middle-income countries,,2005,83.1355514526367
Lower-middle-income countries,,2006,83.1355514526367
Lower-middle-income countries,,2007,83.1355514526367
Lower-middle-income countries,,2008,83.1355514526367
Lower-middle-income countries,,2009,83.1355514526367
Lower-middle-income countries,,2010,83.1355514526367
Lower-middle-income countries,,2011,83.1355514526367
Lower-middle-income countries,,2012,83.1355514526367
Lower-middle-income countries,,2013,83.1355514526367
Lower-middle-income countries,,2014,83.1355514526367
Macao,MAC,1981,94.2051162719727
Macao,MAC,2001,99.81016
Macao,MAC,2006,99.69966
Macao,MAC,2011,99.69008000000001
Macao,MAC,2016,99.86617
Madagascar,MDG,2000,68.18623000000001
Madagascar,MDG,2009,63.96708
Madagascar,MDG,2012,75.30385
Malawi,MWI,1987,49.1280708312988
Malawi,MWI,1998,70.7007217407227
Malawi,MWI,2010,69.98174
Malawi,MWI,2014,73.33242
Malawi,MWI,2015,73.3858
Malaysia,MYS,1980,86.5314788818359
Malaysia,MYS,1991,95.22213745117192
Malaysia,MYS,2000,97.26772
Malaysia,MYS,2010,98.45826
Maldives,MDV,1977,87.1192779541016
Maldives,MDV,1985,96.1760406494141
Maldives,MDV,1990,98.3154830932617
Maldives,MDV,1995,98.2986373901367
Maldives,MDV,2000,98.29864
Maldives,MDV,2006,99.36065
Maldives,MDV,2014,99.43955
Mali,MLI,1976,13.4746503829956
Mali,MLI,1998,16.860670089721697
Mali,MLI,2006,30.79846
Mali,MLI,2010,33.94571
Mali,MLI,2011,39.008559999999996
Mali,MLI,2015,39.20776
Malta,MLT,1995,97.8065338134766
Malta,MLT,2005,99.11073
Malta,MLT,2011,99.38656999999999
Marshall Islands,MHL,2011,98.7567
Mauritania,MRT,2000,55.483709999999995
Mauritania,MRT,2007,47.71239
Mauritius,MUS,1990,91.70590209960942
Mauritius,MUS,2000,95.3619
Mauritius,MUS,2011,98.57592
Mexico,MEX,1980,90.8609390258789
Mexico,MEX,1990,94.9032135009766
Mexico,MEX,2000,96.48236
Mexico,MEX,2002,97.27211
Mexico,MEX,2004,97.60793000000001
Mexico,MEX,2005,97.62793
Mexico,MEX,2006,97.69171999999999
Mexico,MEX,2007,98.11610999999999
Mexico,MEX,2008,98.35642
Mexico,MEX,2009,98.3816
Mexico,MEX,2010,98.49213
Mexico,MEX,2011,98.50666
Mexico,MEX,2012,99.02956999999999
Mexico,MEX,2013,98.60191
Mexico,MEX,2014,99.07946
Mexico,MEX,2015,99.01495
Middle East and North Africa,,1985,69.179801940918
Middle East and North Africa,,1986,69.179801940918
Middle East and North Africa,,1987,69.179801940918
Middle East and North Africa,,1988,69.179801940918
Middle East and North Africa,,1989,69.179801940918
Middle East and North Africa,,1990,69.179801940918
Middle East and North Africa,,1991,69.179801940918
Middle East and North Africa,,1992,69.179801940918
Middle East and North Africa,,1993,69.179801940918
Middle East and North Africa,,1994,69.179801940918
Middle East and North Africa,,1995,82.8157501220703
Middle East and North Africa,,1996,82.8157501220703
Middle East and North Africa,,1997,82.8157501220703
Middle East and North Africa,,1998,82.8157501220703
Middle East and North Africa,,1999,82.8157501220703
Middle East and North Africa,,2000,82.8157501220703
Middle East and North Africa,,2001,82.8157501220703
Middle East and North Africa,,2002,82.8157501220703
Middle East and North Africa,,2003,82.8157501220703
Middle East and North Africa,,2004,82.8157501220703
Middle East and North Africa,,2005,90.55975341796879
Middle East and North Africa,,2006,90.55975341796879
Middle East and North Africa,,2007,90.55975341796879
Middle East and North Africa,,2008,90.55975341796879
Middle East and North Africa,,2009,90.55975341796879
Middle East and North Africa,,2010,90.55975341796879
Middle East and North Africa,,2011,90.55975341796879
Middle East and North Africa,,2012,90.55975341796879
Middle East and North Africa,,2013,90.55975341796879
Middle East and North Africa,,2014,90.55975341796879
Middle East and North Africa (excluding high-income countries),,1985,67.4521102905273
Middle East and North Africa (excluding high-income countries),,1986,67.4521102905273
Middle East and North Africa (excluding high-income countries),,1987,67.4521102905273
Middle East and North Africa (excluding high-income countries),,1988,67.4521102905273
Middle East and North Africa (excluding high-income countries),,1989,67.4521102905273
Middle East and North Africa (excluding high-income countries),,1990,67.4521102905273
Middle East and North Africa (excluding high-income countries),,1991,67.4521102905273
Middle East and North Africa (excluding high-income countries),,1992,67.4521102905273
Middle East and North Africa (excluding high-income countries),,1993,67.4521102905273
Middle East and North Africa (excluding high-income countries),,1994,67.4521102905273
Middle East and North Africa (excluding high-income countries),,1995,81.3686065673828
Middle East and North Africa (excluding high-income countries),,1996,81.3686065673828
Middle East and North Africa (excluding high-income countries),,1997,81.3686065673828
Middle East and North Africa (excluding high-income countries),,1998,81.3686065673828
Middle East and North Africa (excluding high-income countries),,1999,81.3686065673828
Middle East and North Africa (excluding high-income countries),,2000,81.3686065673828
Middle East and North Africa (excluding high-income countries),,2001,81.3686065673828
Middle East and North Africa (excluding high-income countries),,2002,81.3686065673828
Middle East and North Africa (excluding high-income countries),,2003,81.3686065673828
Middle East and North Africa (excluding high-income countries),,2004,81.3686065673828
Middle East and North Africa (excluding high-income countries),,2005,89.5063323974609
Middle East and North Africa (excluding high-income countries),,2006,89.5063323974609
Middle East and North Africa (excluding high-income countries),,2007,89.5063323974609
Middle East and North Africa (excluding high-income countries),,2008,89.5063323974609
Middle East and North Africa (excluding high-income countries),,2009,89.5063323974609
Middle East and North Africa (excluding high-income countries),,2010,89.5063323974609
Middle East and North Africa (excluding high-income countries),,2011,89.5063323974609
Middle East and North Africa (excluding high-income countries),,2012,89.5063323974609
Middle East and North Africa (excluding high-income countries),,2013,89.5063323974609
Middle East and North Africa (excluding high-income countries),,2014,89.5063323974609
Middle-income countries,,1985,77.647102355957
Middle-income countries,,1986,77.647102355957
Middle-income countries,,1987,77.647102355957
Middle-income countries,,1988,77.647102355957
Middle-income countries,,1989,77.647102355957
Middle-income countries,,1990,77.647102355957
Middle-income countries,,1991,77.647102355957
Middle-income countries,,1992,77.647102355957
Middle-income countries,,1993,77.647102355957
Middle-income countries,,1994,77.647102355957
Middle-income countries,,1995,84.4781265258789
Middle-income countries,,1996,84.4781265258789
Middle-income countries,,1997,84.4781265258789
Middle-income countries,,1998,84.4781265258789
Middle-income countries,,1999,84.4781265258789
Middle-income countries,,2000,84.4781265258789
Middle-income countries,,2001,84.4781265258789
Middle-income countries,,2002,84.4781265258789
Middle-income countries,,2003,84.4781265258789
Middle-income countries,,2004,84.4781265258789
Middle-income countries,,2005,90.1472549438477
Middle-income countries,,2006,90.1472549438477
Middle-income countries,,2007,90.1472549438477
Middle-income countries,,2008,90.1472549438477
Middle-income countries,,2009,90.1472549438477
Middle-income countries,,2010,90.1472625732422
Middle-income countries,,2011,90.1472549438477
Middle-income countries,,2012,90.1472549438477
Middle-income countries,,2013,90.1472549438477
Middle-income countries,,2014,90.1472549438477
Moldova,MDA,1989,99.73853302001949
Moldova,MDA,2000,99.65156999999999
Moldova,MDA,2012,99.58578
Mongolia,MNG,2000,98.43194
Mongolia,MNG,2010,98.90874000000001
Montenegro,MNE,1981,98.28720092773442
Montenegro,MNE,1991,98.9892120361328
Montenegro,MNE,2003,99.3606
Montenegro,MNE,2011,99.05261
Morocco,MAR,1982,30.9509105682373
Morocco,MAR,1994,45.9963607788086
Morocco,MAR,2004,60.49289
Morocco,MAR,2008,69.89815
Morocco,MAR,2009,72.14524
Morocco,MAR,2011,74.03429
Morocco,MAR,2012,87.7834
Mozambique,MOZ,1980,25.1153907775879
Mozambique,MOZ,1997,36.553108215331996
Mozambique,MOZ,2003,50.038909999999994
Mozambique,MOZ,2009,56.54005
Myanmar,MMR,1983,81.3442001342773
Myanmar,MMR,2000,93.47118
Myanmar,MMR,2016,84.41379
Namibia,NAM,1991,90.4171600341797
Namibia,NAM,2001,93.63254
Namibia,NAM,2007,90.61543
Namibia,NAM,2011,95.34631999999999
Nepal,NPL,1981,14.966609954834
Nepal,NPL,1991,32.6664390563965
Nepal,NPL,2001,60.14379
Nepal,NPL,2011,80.20683000000001
New Caledonia,NCL,1976,97.96157836914058
New Caledonia,NCL,1989,98.86099243164058
Nicaragua,NIC,2001,88.81788
Nicaragua,NIC,2005,88.84248000000001
Niger,NER,2001,14.23355
Niger,NER,2005,23.197429999999997
Niger,NER,2012,15.057770000000001
Nigeria,NGA,1991,62.4877815246582
Nigeria,NGA,2003,60.50937
Nigeria,NGA,2008,57.95389
North Korea,PRK,2008,99.99979
North Macedonia,MKD,1994,98.5668716430664
North Macedonia,MKD,2002,98.48539
Oman,OMN,2003,96.66145
Oman,OMN,2008,97.62498000000001
Oman,OMN,2010,98.16507
Oman,OMN,2014,99.05662
Oman,OMN,2015,98.75332
Oman,OMN,2016,98.9804
Pakistan,PAK,1981,23.832960128784197
Pakistan,PAK,1998,43.114051818847706
Pakistan,PAK,2005,53.08856
Pakistan,PAK,2006,58.37056
Pakistan,PAK,2008,61.249919999999996
Pakistan,PAK,2009,61.46266
Pakistan,PAK,2010,62.29837
Pakistan,PAK,2011,63.13681
Pakistan,PAK,2012,64.4741
Pakistan,PAK,2013,63.438
Pakistan,PAK,2014,65.54779
Palau,PLW,1980,94.35772705078129
Palau,PLW,1994,95.5198287963867
Palau,PLW,2013,99.8295
Palau,PLW,2015,99.17051
Palestine,PSE,1997,97.1884994506835
Palestine,PSE,2004,98.85481999999999
Palestine,PSE,2006,99.14568
Palestine,PSE,2007,98.9869
Palestine,PSE,2008,98.81536
Palestine,PSE,2009,99.23354
Palestine,PSE,2010,99.27404
Palestine,PSE,2011,99.367
Palestine,PSE,2012,99.22708
Palestine,PSE,2013,99.2749
Palestine,PSE,2014,99.31944
Palestine,PSE,2015,99.26786
Palestine,PSE,2016,99.31307
Panama,PAN,1980,96.2839584350585
Panama,PAN,1990,94.7777633666992
Panama,PAN,2000,95.62273
Panama,PAN,2010,97.33686999999999
Papua New Guinea,PNG,2000,64.05813
Paraguay,PRY,1982,89.0011978149414
Paraguay,PRY,1992,95.3614273071289
Paraguay,PRY,2007,98.77916
Paraguay,PRY,2008,98.23231
Paraguay,PRY,2009,98.98827
Paraguay,PRY,2010,98.72882
Paraguay,PRY,2014,98.47231
Paraguay,PRY,2015,98.6213
Peru,PER,1981,89.7637176513672
Peru,PER,1993,93.78624725341801
Peru,PER,2004,95.65602
Peru,PER,2005,96.28778
Peru,PER,2006,96.95764
Peru,PER,2007,96.70523
Peru,PER,2012,98.67575
Peru,PER,2014,98.78966
Peru,PER,2015,98.7729
Peru,PER,2016,98.6722
Philippines,PHL,1980,92.4690322875977
Philippines,PHL,1990,96.8777389526367
Philippines,PHL,2000,95.72028
Philippines,PHL,2003,96.58059
Philippines,PHL,2008,98.49152
Philippines,PHL,2013,98.81543
Poland,POL,1978,99.8158111572266
Poland,POL,1994,99.9992523193359
Portugal,PRT,1981,98.22210693359379
Portugal,PRT,1991,99.25787353515629
Portugal,PRT,2011,99.47964
Puerto Rico,PRI,1980,94.397361755371
Puerto Rico,PRI,1990,94.1121292114258
Puerto Rico,PRI,2010,98.85419
Qatar,QAT,1986,91.2305221557617
Qatar,QAT,1997,95.8093109130859
Qatar,QAT,2004,97.54001
Qatar,QAT,2007,98.96525
Qatar,QAT,2008,96.88498
Qatar,QAT,2009,97.94622
Qatar,QAT,2010,98.26115
Qatar,QAT,2011,98.74933
Qatar,QAT,2012,99.83464000000001
Qatar,QAT,2013,99.33438000000001
Qatar,QAT,2014,99.64683000000001
Romania,ROU,1992,99.0320892333984
Romania,ROU,2002,97.77951999999999
Romania,ROU,2011,98.97622
Russia,RUS,1989,99.7494583129883
Russia,RUS,2002,99.77128
Russia,RUS,2010,99.75802
Rwanda,RWA,1978,44.6915893554688
Rwanda,RWA,1991,74.24578857421879
Rwanda,RWA,2000,76.86258000000001
Rwanda,RWA,2010,77.97246
Rwanda,RWA,2012,83.48739
Saint Vincent and the Grenadines,VCT,1970,97.9975967407227
Samoa,WSM,1991,98.9499969482422
Samoa,WSM,2011,99.45804
Sao Tome and Principe,STP,1981,74.0576705932617
Sao Tome and Principe,STP,1991,91.8525772094727
Sao Tome and Principe,STP,2001,94.85257
Sao Tome and Principe,STP,2008,77.33728
Sao Tome and Principe,STP,2012,96.35088
Saudi Arabia,SAU,1992,81.0738296508789
Saudi Arabia,SAU,2000,93.71306
Saudi Arabia,SAU,2004,94.67571
Saudi Arabia,SAU,2013,99.13699
Senegal,SEN,1988,28.0347499847412
Senegal,SEN,2002,40.96837
Senegal,SEN,2006,44.54016
Senegal,SEN,2009,56.19144
Senegal,SEN,2011,58.999019999999994
Senegal,SEN,2013,50.96893
Serbia,SRB,2011,99.26991
Serbia,SRB,2016,99.72468
Seychelles,SYC,1987,98.46446990966801
Seychelles,SYC,1994,99.138427734375
Seychelles,SYC,2002,99.37438
Seychelles,SYC,2010,99.38308
Sierra Leone,SLE,2004,37.35752
Sierra Leone,SLE,2013,50.85709
Singapore,SGP,1980,96.15953826904301
Singapore,SGP,1990,99.08435821533199
Singapore,SGP,2000,99.60451
Singapore,SGP,2010,99.76666999999999
Singapore,SGP,2011,99.88059
Singapore,SGP,2012,99.89296
Singapore,SGP,2013,99.90101
Singapore,SGP,2014,99.90389
Singapore,SGP,2015,99.83811999999999
Singapore,SGP,2016,99.94051
Slovenia,SVN,1991,99.7790069580078
South Africa,ZAF,1980,84.973258972168
South Africa,ZAF,1996,94.28854370117192
South Africa,ZAF,2007,98.09210999999999
South Africa,ZAF,2009,98.8174
South Africa,ZAF,2010,98.90137
South Africa,ZAF,2011,99.15214
South Africa,ZAF,2012,99.27071
South Africa,ZAF,2014,99.08436999999999
South Africa,ZAF,2015,99.22904
South Asia,,1985,47.033447265625
South Asia,,1986,47.033447265625
South Asia,,1987,47.033447265625
South Asia,,1988,47.033447265625
South Asia,,1989,47.033447265625
South Asia,,1990,47.033447265625
South Asia,,1991,47.033447265625
South Asia,,1992,47.033447265625
South Asia,,1993,47.033447265625
South Asia,,1994,47.033447265625
South Asia,,1995,64.26666259765629
South Asia,,1996,64.26666259765629
South Asia,,1997,64.26666259765629
South Asia,,1998,64.26666259765629
South Asia,,1999,64.26666259765629
South Asia,,2000,64.26666259765629
South Asia,,2001,64.26666259765629
South Asia,,2002,64.26666259765629
South Asia,,2003,64.26666259765629
South Asia,,2004,64.26666259765629
South Asia,,2005,79.2287902832031
South Asia,,2006,79.2287902832031
South Asia,,2007,79.2287902832031
South Asia,,2008,79.2287902832031
South Asia,,2009,79.2287902832031
South Asia,,2010,79.2287902832031
South Asia,,2011,79.2287902832031
South Asia,,2012,79.2287902832031
South Asia,,2013,79.2287902832031
South Asia,,2014,79.2287902832031
South Sudan,SSD,2008,29.57762
Spain,ESP,1981,98.642578125
Spain,ESP,1991,99.5696792602539
Spain,ESP,2004,99.53496
Spain,ESP,2005,99.50209
Spain,ESP,2007,99.55811
Spain,ESP,2008,99.60261
Spain,ESP,2009,99.55731999999999
Spain,ESP,2010,99.68636
Spain,ESP,2011,99.74597
Spain,ESP,2012,99.70572
Spain,ESP,2013,99.64289000000001
Spain,ESP,2014,99.68681
Spain,ESP,2015,99.69419
Spain,ESP,2016,99.60606
Sri Lanka,LKA,1981,90.19226837158199
Sri Lanka,LKA,2001,96.12111
Sri Lanka,LKA,2006,97.93921
Sri Lanka,LKA,2008,98.5861
Sri Lanka,LKA,2010,98.58896999999999
Sub-Saharan Africa,,1995,61.617801666259794
Sub-Saharan Africa,,1996,61.617801666259794
Sub-Saharan Africa,,1997,61.617801666259794
Sub-Saharan Africa,,1998,61.617801666259794
Sub-Saharan Africa,,1999,61.617801666259794
Sub-Saharan Africa,,2000,61.617801666259794
Sub-Saharan Africa,,2001,61.617801666259794
Sub-Saharan Africa,,2002,61.617801666259794
Sub-Saharan Africa,,2003,61.617801666259794
Sub-Saharan Africa,,2004,61.617801666259794
Sub-Saharan Africa,,2005,66.366096496582
Sub-Saharan Africa,,2006,66.366096496582
Sub-Saharan Africa,,2007,66.366096496582
Sub-Saharan Africa,,2008,66.366096496582
Sub-Saharan Africa,,2009,66.366096496582
Sub-Saharan Africa,,2010,66.366096496582
Sub-Saharan Africa,,2011,66.366096496582
Sub-Saharan Africa,,2012,66.366096496582
Sub-Saharan Africa,,2013,66.366096496582
Sub-Saharan Africa,,2014,66.366096496582
Sub-Saharan Africa (excluding high-income countries),,1995,61.613525390625
Sub-Saharan Africa (excluding high-income countries),,1996,61.613525390625
Sub-Saharan Africa (excluding high-income countries),,1997,61.613525390625
Sub-Saharan Africa (excluding high-income countries),,1998,61.613525390625
Sub-Saharan Africa (excluding high-income countries),,1999,61.613525390625
Sub-Saharan Africa (excluding high-income countries),,2000,61.613525390625
Sub-Saharan Africa (excluding high-income countries),,2001,61.613525390625
Sub-Saharan Africa (excluding high-income countries),,2002,61.613525390625
Sub-Saharan Africa (excluding high-income countries),,2003,61.613525390625
Sub-Saharan Africa (excluding high-income countries),,2004,61.613525390625
Sub-Saharan Africa (excluding high-income countries),,2005,66.36328125
Sub-Saharan Africa (excluding high-income countries),,2006,66.36328125
Sub-Saharan Africa (excluding high-income countries),,2007,66.36328125
Sub-Saharan Africa (excluding high-income countries),,2008,66.36328125
Sub-Saharan Africa (excluding high-income countries),,2009,66.36328125
Sub-Saharan Africa (excluding high-income countries),,2010,66.36328125
Sub-Saharan Africa (excluding high-income countries),,2011,66.36328125
Sub-Saharan Africa (excluding high-income countries),,2012,66.36328125
Sub-Saharan Africa (excluding high-income countries),,2013,66.36328125
Sub-Saharan Africa (excluding high-income countries),,2014,66.36328125
Sudan,SDN,2000,72.33138000000001
Sudan,SDN,2008,62.71716
Suriname,SUR,2004,94.13904000000001
Suriname,SUR,2008,99.45978000000001
Suriname,SUR,2010,98.80215
Suriname,SUR,2012,97.25966
Syria,SYR,1981,59.01689147949221
Syria,SYR,2002,92.96355
Syria,SYR,2004,90.21858
Tajikistan,TJK,1989,99.6712493896484
Tajikistan,TJK,2000,99.84971999999999
Tanzania,TZA,1988,77.8661727905273
Tanzania,TZA,2002,76.20201999999999
Tanzania,TZA,2010,72.771
Tanzania,TZA,2012,84.84801999999999
Tanzania,TZA,2015,84.6408
Thailand,THA,1980,96.1722030639648
Thailand,THA,2000,97.84793
Thailand,THA,2005,97.87893000000001
Thailand,THA,2010,96.55204
Thailand,THA,2013,98.65491
Thailand,THA,2015,98.29299
Timor,TLS,2010,78.56844
Togo,TGO,2000,63.55485
Togo,TGO,2006,67.9237
Togo,TGO,2009,74.55535
Togo,TGO,2011,72.70812
Togo,TGO,2015,78.37085
Tonga,TON,1976,99.796287536621
Tonga,TON,1996,99.35449981689449
Tonga,TON,2006,99.55504
Tonga,TON,2011,99.51043
Trinidad and Tobago,TTO,1980,99.24356079101558
Trinidad and Tobago,TTO,1990,99.3000030517578
Tunisia,TUN,1984,62.523231506347706
Tunisia,TUN,1994,75.0359268188477
Tunisia,TUN,2004,92.2407
Tunisia,TUN,2007,94.72457
Tunisia,TUN,2008,95.78644
Tunisia,TUN,2010,96.09356
Tunisia,TUN,2011,96.31759
Tunisia,TUN,2012,95.71758
Tunisia,TUN,2014,95.80119
Turkey,TUR,1975,68.2533493041992
Turkey,TUR,1980,75.2379837036133
Turkey,TUR,1985,85.96096801757808
Turkey,TUR,1990,88.3857879638672
Turkey,TUR,2004,93.29502
Turkey,TUR,2005,93.96016
Turkey,TUR,2006,94.11954
Turkey,TUR,2007,94.28914
Turkey,TUR,2009,96.57019
Turkey,TUR,2010,97.19733000000001
Turkey,TUR,2011,97.9363
Turkey,TUR,2012,98.41265
Turkey,TUR,2013,98.74206
Turkey,TUR,2014,98.95092
Turkey,TUR,2015,99.16708
Turkmenistan,TKM,1995,99.81292724609379
Uganda,UGA,1991,63.1238288879395
Uganda,UGA,2002,76.1791
Uganda,UGA,2006,81.12965
Uganda,UGA,2010,85.47146
Uganda,UGA,2012,81.6542
Ukraine,UKR,2001,99.83452
Ukraine,UKR,2012,99.98272
United Arab Emirates,ARE,1975,56.276969909668
United Arab Emirates,ARE,1985,84.514289855957
United Arab Emirates,ARE,2005,97.00174
Upper-middle-income countries,,1985,91.2642974853516
Upper-middle-income countries,,1986,91.2642974853516
Upper-middle-income countries,,1987,91.2642974853516
Upper-middle-income countries,,1988,91.2642974853516
Upper-middle-income countries,,1989,91.2642974853516
Upper-middle-income countries,,1990,91.2642974853516
Upper-middle-income countries,,1991,91.2642974853516
Upper-middle-income countries,,1992,91.2642974853516
Upper-middle-income countries,,1993,91.2642974853516
Upper-middle-income countries,,1994,91.2642974853516
Upper-middle-income countries,,1995,97.2889862060547
Upper-middle-income countries,,1996,97.2889862060547
Upper-middle-income countries,,1997,97.2889862060547
Upper-middle-income countries,,1998,97.2889862060547
Upper-middle-income countries,,1999,97.2889862060547
Upper-middle-income countries,,2000,97.2889862060547
Upper-middle-income countries,,2001,97.2889862060547
Upper-middle-income countries,,2002,97.2889862060547
Upper-middle-income countries,,2003,97.2889862060547
Upper-middle-income countries,,2004,97.2889862060547
Upper-middle-income countries,,2005,98.52527618408199
Upper-middle-income countries,,2006,98.52527618408199
Upper-middle-income countries,,2007,98.52527618408199
Upper-middle-income countries,,2008,98.52527618408199
Upper-middle-income countries,,2009,98.52527618408199
Upper-middle-income countries,,2010,98.5252838134766
Upper-middle-income countries,,2011,98.52527618408199
Upper-middle-income countries,,2012,98.52527618408199
Upper-middle-income countries,,2013,98.52527618408199
Upper-middle-income countries,,2014,98.52527618408199
Uruguay,URY,1975,98.8356475830078
Uruguay,URY,1985,98.9950790405273
Uruguay,URY,1996,99.01730346679692
Uruguay,URY,2006,99.11466
Uruguay,URY,2007,99.01907
Uruguay,URY,2008,99.3203
Uruguay,URY,2009,99.2278
Uruguay,URY,2010,99.22541
Uruguay,URY,2011,99.12098
Uruguay,URY,2012,99.29778
Uruguay,URY,2013,99.31015
Uruguay,URY,2014,99.39062
Uruguay,URY,2015,99.22868000000001
Uzbekistan,UZB,2000,99.89448
Uzbekistan,UZB,2013,100
Uzbekistan,UZB,2014,100
Uzbekistan,UZB,2015,100
Vanuatu,VUT,1979,67.6440582275391
Vanuatu,VUT,1994,85.16844177246091
Venezuela,VEN,1981,93.8853073120117
Venezuela,VEN,1990,96.35971069335942
Venezuela,VEN,2001,98.06629000000001
Venezuela,VEN,2007,98.8361
Venezuela,VEN,2009,98.80499
Venezuela,VEN,2011,98.23637
Venezuela,VEN,2015,99.31739
Venezuela,VEN,2016,99.09258
Vietnam,VNM,1979,94.02294158935551
Vietnam,VNM,1989,93.4022216796875
Vietnam,VNM,1999,93.82261
Vietnam,VNM,2000,94.05552
Vietnam,VNM,2009,96.78113
World,OWID_WRL,1985,78.73095703125
World,OWID_WRL,1986,78.73095703125
World,OWID_WRL,1987,78.73095703125
World,OWID_WRL,1988,78.73095703125
World,OWID_WRL,1989,78.73095703125
World,OWID_WRL,1990,78.7364883422852
World,OWID_WRL,1991,78.73095703125
World,OWID_WRL,1992,78.73095703125
World,OWID_WRL,1993,78.73095703125
World,OWID_WRL,1994,78.73095703125
World,OWID_WRL,1995,83.9862976074219
World,OWID_WRL,1996,83.9862976074219
World,OWID_WRL,1997,83.9862976074219
World,OWID_WRL,1998,83.9862976074219
World,OWID_WRL,1999,83.9862976074219
World,OWID_WRL,2000,83.9899978637695
World,OWID_WRL,2001,83.9862976074219
World,OWID_WRL,2002,83.9862976074219
World,OWID_WRL,2003,83.9862976074219
World,OWID_WRL,2004,83.9862976074219
World,OWID_WRL,2005,88.612937927246
World,OWID_WRL,2006,88.612937927246
World,OWID_WRL,2007,88.612937927246
World,OWID_WRL,2008,88.612937927246
World,OWID_WRL,2009,88.612937927246
World,OWID_WRL,2010,88.6152572631835
World,OWID_WRL,2011,88.612937927246
World,OWID_WRL,2012,88.612937927246
World,OWID_WRL,2013,88.612937927246
World,OWID_WRL,2014,88.612937927246
Yemen,YEM,1994,35.3777313232422
Zambia,ZMB,1990,65.5243682861328
Zambia,ZMB,1999,66.22681
Zambia,ZMB,2002,66.31098
Zambia,ZMB,2007,58.47755
Zambia,ZMB,2010,86.50945
Zimbabwe,ZWE,1982,84.81224060058591
Zimbabwe,ZWE,1992,94.3534393310547
Zimbabwe,ZWE,2011,92.12456
Zimbabwe,ZWE,2014,93.18835